"","farm","visit","Date.COLLECTED","bee_ID","sp","PA","crit_cnt","log10_cnt","Wing_MM","border","nsfcut","sf","log.sum_ast_inflr"
"1","RCUT",1,"7/14/2021",1,"bimac","A",0,0,3.1,NA,3.929424035,NA,3.929424035
"2","RCUT",1,"7/14/2021",2,"bimac","A",0,0,2.29,NA,3.929424035,NA,3.929424035
"3","RCUT",1,"7/14/2021",3,"imp","A",0,0,3.05,NA,3.929424035,NA,3.929424035
"4","RCUT",1,"7/14/2021",4,"imp","P",1,0,2.67,NA,3.929424035,NA,3.929424035
"5","RCUT",1,"7/14/2021",5,"imp","A",0,0,2.45,NA,3.929424035,NA,3.929424035
"6","RCUT",1,"7/15/2021",6,"bimac","A",0,0,2.63,NA,3.929424035,NA,3.929424035
"7","RCUT",1,"7/15/2021",7,"bimac","P",176,2.245512668,3.21,NA,3.929424035,NA,3.929424035
"8","RCUT",1,"7/15/2021",8,"bimac","P",251,2.399673721,2.86,NA,3.929424035,NA,3.929424035
"9","RCUT",1,"7/15/2021",9,"bimac","A",0,0,2.96,NA,3.929424035,NA,3.929424035
"10","RCUT",1,"7/15/2021",10,"bimac","A",0,0,3.28,NA,3.929424035,NA,3.929424035
"11","RCUT",1,"7/15/2021",11,"bimac","P",73,1.86332286,2.68,NA,3.929424035,NA,3.929424035
"12","RCUT",1,"7/15/2021",12,"gris","A",0,0,2.912502,NA,3.929424035,NA,3.929424035
"13","RCUT",1,"7/15/2021",13,"bimac","P",3,0.477121255,3.31,NA,3.929424035,NA,3.929424035
"14","RCUT",1,"7/15/2021",14,"vagans","A",0,0,2.23,NA,3.929424035,NA,3.929424035
"15","RCUT",1,"7/15/2021",15,"bimac","P",187,2.271841607,3.03,NA,3.929424035,NA,3.929424035
"16","RCUT",1,"7/15/2021",16,"gris","A",0,0,3.445688,NA,3.929424035,NA,3.929424035
"17","RCUT",1,"7/15/2021",17,"imp","A",0,0,2.5,NA,3.929424035,NA,3.929424035
"18","RCUT",1,"7/15/2021",18,"bimac","P",180,2.255272505,3.127368,NA,3.929424035,NA,3.929424035
"19","RCUT",1,"7/15/2021",19,"imp","A",0,0,NA,NA,3.929424035,NA,3.929424035
"20","RCUT",1,"7/15/2021",20,"imp","A",0,0,2.61,NA,3.929424035,NA,3.929424035
"21","RCUT",1,"7/15/2021",21,"vagans","P",8,0.903089987,2.41,NA,3.929424035,NA,3.929424035
"22","RCUT",1,"7/15/2021",22,"gris",NA,NA,NA,NA,NA,3.929424035,NA,3.929424035
"23","RCUT",1,"7/15/2021",23,"bimac","P",169,2.227886705,3.405898,NA,3.929424035,NA,3.929424035
"24","RCUT",1,"7/15/2021",24,"gris","P",4,0.602059991,2.992082,NA,3.929424035,NA,3.929424035
"25","RCUT",1,"7/15/2021",25,"gris","P",3,0.477121255,3.191032,NA,3.929424035,NA,3.929424035
"26","RCUT",1,"7/15/2021",26,"imp","P",97,1.986771734,2.58,NA,3.929424035,NA,3.929424035
"27","RCUT",1,"7/15/2021",27,"imp","A",0,0,1.97,NA,3.929424035,NA,3.929424035
"28","RCUT",1,"7/15/2021",28,"bimac","P",72,1.857332496,2.58,NA,3.929424035,NA,3.929424035
"29","RCUT",1,"7/15/2021",29,NA,NA,NA,NA,NA,NA,3.929424035,NA,3.929424035
"30","RCUT",1,"7/15/2021",30,"vagans","P",307,2.487138375,2.55,NA,3.929424035,NA,3.929424035
"31","RCUT",1,"7/15/2021",31,"imp","A",0,0,NA,NA,3.929424035,NA,3.929424035
"32","RCUT",1,"7/15/2021",32,"imp","A",0,0,2.48,NA,3.929424035,NA,3.929424035
"33","RCUT",1,"7/15/2021",33,"vagans","A",0,0,2.56,NA,3.929424035,NA,3.929424035
"34","RCUT",1,"7/15/2021",34,"bimac","P",3,0.477121255,2.928,NA,3.929424035,NA,3.929424035
"35","RCUT",1,"7/15/2021",35,"imp","A",0,0,3.05,NA,3.929424035,NA,3.929424035
"36","RCUT",1,"7/15/2021",36,"imp",NA,NA,NA,NA,NA,3.929424035,NA,3.929424035
"37","RCUT",1,"7/15/2021",37,"imp",NA,NA,NA,NA,NA,3.929424035,NA,3.929424035
"38","RCUT",1,"7/15/2021",38,"imp","P",125,2.096910013,2,NA,3.929424035,NA,3.929424035
"39","RCUT",1,"7/15/2021",39,"gris","A",0,0,3.35,NA,3.929424035,NA,3.929424035
"40","RCUT",1,"7/15/2021",40,"imp","A",0,0,2.25,NA,3.929424035,NA,3.929424035
"41","RCUT",1,"7/15/2021",41,"bimac","P",140,2.146128036,2.507,NA,3.929424035,NA,3.929424035
"42","RCUT",1,"7/15/2021",42,"bimac","P",4,0.602059991,2.68,NA,3.929424035,NA,3.929424035
"43","RCUT",1,"7/15/2021",43,"vagans","P",2,0.301029996,2.485,NA,3.929424035,NA,3.929424035
"44","RCUT",1,"7/15/2021",44,NA,NA,NA,NA,NA,NA,3.929424035,NA,3.929424035
"45","RCON",1,"7/15/2021",45,"bimac","A",0,0,2.471,NA,0,NA,0
"46","RCON",1,"7/15/2021",46,NA,NA,NA,NA,NA,NA,0,NA,0
"47","RCON",1,"7/15/2021",47,"imp","A",0,0,2.672,NA,0,NA,0
"48","RCON",1,"7/15/2021",48,"bimac","P",213,2.328379603,2.965,NA,0,NA,0
"49","RCON",1,"7/15/2021",49,"gris","A",0,0,3.310402,NA,0,NA,0
"50","RCON",1,"7/15/2021",50,"gris","P",140,2.146128036,3.047788,NA,0,NA,0
"51","RCON",1,"7/15/2021",51,"bimac","A",0,0,2.635,NA,0,NA,0
"52","RCON",1,"7/15/2021",52,"imp","A",0,0,2.626,NA,0,NA,0
"53","RCON",1,"7/15/2021",53,"imp","A",0,0,2.564,NA,0,NA,0
"54","RCON",1,"7/15/2021",54,NA,NA,NA,NA,NA,NA,0,NA,0
"55","RCON",1,"7/15/2021",55,"gris","A",0,0,2.745384,NA,0,NA,0
"56","RCON",1,"7/15/2021",56,"gris","P",27,1.431363764,3.286528,NA,0,NA,0
"57","RCON",1,"7/15/2021",57,NA,NA,NA,NA,NA,NA,0,NA,0
"58","RCON",1,"7/15/2021",58,"bimac","A",0,0,2.742,NA,0,NA,0
"59","RCON",1,"7/15/2021",59,"bimac","P",42,1.62324929,1.787,NA,0,NA,0
"60","RCON",1,"7/15/2021",60,"imp","P",178,2.250420002,2.786,NA,0,NA,0
"61","RCON",1,"7/15/2021",61,"imp","A",0,0,2.327,NA,0,NA,0
"62","RCON",1,"7/15/2021",62,"gris","A",0,0,3.246738,NA,0,NA,0
"63","RCON",1,"7/15/2021",63,"imp","A",0,0,2.87,NA,0,NA,0
"64","RCON",1,"7/15/2021",64,"imp","A",0,0,1.742,NA,0,NA,0
"65","RCON",1,"7/15/2021",65,"bimac",NA,NA,NA,NA,NA,0,NA,0
"66","RCON",1,"7/15/2021",66,NA,NA,NA,NA,NA,NA,0,NA,0
"67","RCON",1,"7/15/2021",67,"imp","A",0,0,2.682,NA,0,NA,0
"68","RCON",1,"7/15/2021",68,"gris","P",114,2.056904851,3.525268,NA,0,NA,0
"69","RCON",1,"7/15/2021",69,"imp","A",0,0,2.613,NA,0,NA,0
"70","RCON",1,"7/15/2021",70,"bimac","A",0,0,2.713,NA,0,NA,0
"71","RCON",1,"7/15/2021",71,"imp","P",137,2.136720567,3.031872,NA,0,NA,0
"72","RCON",1,"7/15/2021",72,NA,NA,NA,NA,NA,NA,0,NA,0
"73","RCON",1,"7/15/2021",73,"bimac","P",401,2.603144373,2.834,NA,0,NA,0
"74","RCON",1,"7/15/2021",74,"imp","A",0,0,2.713,NA,0,NA,0
"75","RCON",1,"7/15/2021",75,"gris","P",1,0,3.175116,NA,0,NA,0
"76","RCON",1,"7/15/2021",76,"gris","A",0,0,NA,NA,0,NA,0
"77","RCON",1,"7/15/2021",77,"bimac","P",261,2.416640507,3.03,NA,0,NA,0
"78","RCON",1,"7/15/2021",78,NA,NA,NA,NA,NA,NA,0,NA,0
"79","SIMP",1,"7/19/2021",79,"imp",NA,NA,NA,NA,2.843108142,2.814225392,2.23299611,3.181776915
"80","SIMP",1,"7/19/2021",80,"imp","A",0,0,NA,2.843108142,2.814225392,2.23299611,3.181776915
"81","SIMP",1,"7/19/2021",81,"imp","A",0,0,2.674,2.843108142,2.814225392,2.23299611,3.181776915
"82","SIMP",1,"7/19/2021",82,"imp","A",0,0,2.987,2.843108142,2.814225392,2.23299611,3.181776915
"83","SIMP",1,"7/19/2021",83,"imp","A",0,0,2.617,2.843108142,2.814225392,2.23299611,3.181776915
"84","SIMP",1,"7/19/2021",84,"imp","A",0,0,NA,2.843108142,2.814225392,2.23299611,3.181776915
"85","SIMP",1,"7/19/2021",85,"imp",NA,NA,NA,2.63,2.843108142,2.814225392,2.23299611,3.181776915
"86","SIMP",1,"7/19/2021",86,"imp","A",0,0,2.35,2.843108142,2.814225392,2.23299611,3.181776915
"87","SIMP",1,"7/19/2021",87,"imp","A",0,0,2.318,2.843108142,2.814225392,2.23299611,3.181776915
"88","SIMP",1,"7/19/2021",88,"imp","A",0,0,2.425,2.843108142,2.814225392,2.23299611,3.181776915
"89","SIMP",1,"7/19/2021",89,"imp","A",0,0,2.192,2.843108142,2.814225392,2.23299611,3.181776915
"90","SIMP",1,"7/19/2021",90,"imp","P",83,1.919078092,2.77,2.843108142,2.814225392,2.23299611,3.181776915
"91","SIMP",1,"7/19/2021",91,"imp","A",0,0,2.85,2.843108142,2.814225392,2.23299611,3.181776915
"92","SIMP",1,"7/19/2021",92,"imp","A",0,0,2.519,2.843108142,2.814225392,2.23299611,3.181776915
"93","SIMP",1,"7/19/2021",93,"imp","A",0,0,2.373,2.843108142,2.814225392,2.23299611,3.181776915
"94","SIMP",1,"7/19/2021",94,"imp","A",0,0,2.559,2.843108142,2.814225392,2.23299611,3.181776915
"95","SIMP",1,"7/19/2021",95,"imp",NA,NA,NA,NA,2.843108142,2.814225392,2.23299611,3.181776915
"96","SIMP",1,"7/19/2021",96,"imp",NA,NA,NA,NA,2.843108142,2.814225392,2.23299611,3.181776915
"97","SIMP",1,"7/19/2021",97,"imp","A",0,0,NA,2.843108142,2.814225392,2.23299611,3.181776915
"98","SIMP",1,"7/19/2021",98,"imp","A",0,0,1.693,2.843108142,2.814225392,2.23299611,3.181776915
"99","SIMP",1,"7/19/2021",99,"imp","A",0,0,2.136,2.843108142,2.814225392,2.23299611,3.181776915
"100","SIMP",1,"7/19/2021",100,"imp","A",0,0,2.334,2.843108142,2.814225392,2.23299611,3.181776915
"101","SIMP",1,"7/19/2021",101,"imp","A",0,0,2.782,2.843108142,2.814225392,2.23299611,3.181776915
"102","SIMP",1,"7/19/2021",102,"imp","A",0,0,2.677,2.843108142,2.814225392,2.23299611,3.181776915
"103","SIMP",1,"7/19/2021",103,"imp","A",0,0,2.411,2.843108142,2.814225392,2.23299611,3.181776915
"104","SIMP",1,"7/19/2021",104,"imp",NA,NA,NA,NA,2.843108142,2.814225392,2.23299611,3.181776915
"105","SIMP",1,"7/19/2021",105,"imp","A",0,0,2.748,2.843108142,2.814225392,2.23299611,3.181776915
"106","SIMP",1,"7/19/2021",106,"imp","A",0,0,2.403,2.843108142,2.814225392,2.23299611,3.181776915
"107","SIMP",1,"7/19/2021",107,"imp","A",0,0,2.681,2.843108142,2.814225392,2.23299611,3.181776915
"108","SIMP",1,"7/19/2021",108,"imp","A",0,0,2.372,2.843108142,2.814225392,2.23299611,3.181776915
"109","SIMP",1,"7/19/2021",109,"imp","A",0,0,2.634,2.843108142,2.814225392,2.23299611,3.181776915
"110","SIMP",1,"7/19/2021",110,"imp","A",0,0,2.719,2.843108142,2.814225392,2.23299611,3.181776915
"111","SIMP",1,"7/19/2021",111,"imp","A",0,0,2.491,2.843108142,2.814225392,2.23299611,3.181776915
"112","SIMP",1,"7/19/2021",112,"imp","A",0,0,2.615,2.843108142,2.814225392,2.23299611,3.181776915
"113","SIMP",1,"7/19/2021",113,"imp","A",0,0,2.25,2.843108142,2.814225392,2.23299611,3.181776915
"114","SIMP",1,"7/19/2021",114,"imp","A",0,0,2.118,2.843108142,2.814225392,2.23299611,3.181776915
"115","SIMP",1,"7/19/2021",115,"imp","A",0,0,2.543,2.843108142,2.814225392,2.23299611,3.181776915
"116","SIMP",1,"7/19/2021",116,"imp",NA,NA,NA,2.784,2.843108142,2.814225392,2.23299611,3.181776915
"117","LAUR",1,"7/20/2021",117,"imp","P",28,1.447158031,2.858,NA,4.374707419,NA,4.374707419
"118","LAUR",1,"7/20/2021",118,"imp","A",0,0,2.804,NA,4.374707419,NA,4.374707419
"119","LAUR",1,"7/20/2021",119,"vagans","A",0,0,2.331,NA,4.374707419,NA,4.374707419
"120","LAUR",1,"7/20/2021",120,"imp","A",0,0,2.666,NA,4.374707419,NA,4.374707419
"121","LAUR",1,"7/20/2021",121,"gris","A",0,0,3.071662,NA,4.374707419,NA,4.374707419
"122","LAUR",1,"7/20/2021",122,"imp","A",0,0,2.868,NA,4.374707419,NA,4.374707419
"123","LAUR",1,"7/20/2021",123,"vagans","P",2,0.301029996,2.27,NA,4.374707419,NA,4.374707419
"124","LAUR",1,"7/20/2021",124,"imp","A",0,0,2.644,NA,4.374707419,NA,4.374707419
"125","LAUR",1,"7/20/2021",125,"vagans","P",3,0.477121255,2.294,NA,4.374707419,NA,4.374707419
"126","LAUR",1,"7/20/2021",126,"vagans","P",1,0,2.241,NA,4.374707419,NA,4.374707419
"127","LAUR",1,"7/20/2021",127,"vagans","P",100,2,2.793132,NA,4.374707419,NA,4.374707419
"128","LAUR",1,"7/20/2021",128,"imp","A",0,0,2.431,NA,4.374707419,NA,4.374707419
"129","LAUR",1,"7/20/2021",129,"imp","A",0,0,2.281,NA,4.374707419,NA,4.374707419
"130","LAUR",1,"7/20/2021",130,"vagans","P",10,1,2.60214,NA,4.374707419,NA,4.374707419
"131","LAUR",1,"7/20/2021",131,"vagans","A",0,0,2.086,NA,4.374707419,NA,4.374707419
"132","LAUR",1,"7/20/2021",132,"vagans","A",0,0,2.419,NA,4.374707419,NA,4.374707419
"133","LAUR",1,"7/20/2021",133,"imp","P",45,1.653212514,2.629,NA,4.374707419,NA,4.374707419
"134","LAUR",1,"7/20/2021",134,"vagans","A",0,0,2.384,NA,4.374707419,NA,4.374707419
"135","LAUR",1,"7/20/2021",135,"vagans","P",50,1.698970004,2.60214,NA,4.374707419,NA,4.374707419
"136","LAUR",1,"7/20/2021",136,"vagans","P",25,1.397940009,2.171,NA,4.374707419,NA,4.374707419
"137","LAUR",1,"7/20/2021",137,"imp","A",0,0,2.874,NA,4.374707419,NA,4.374707419
"138","LAUR",1,"7/20/2021",138,"vagans","A",0,0,2.283,NA,4.374707419,NA,4.374707419
"139","LAUR",1,"7/20/2021",139,"vagans","P",1,0,2.56235,NA,4.374707419,NA,4.374707419
"140","LAUR",1,"7/20/2021",140,"vagans","A",0,0,2.386,NA,4.374707419,NA,4.374707419
"141","LAUR",1,"7/20/2021",141,"vagans","A",0,0,2.253,NA,4.374707419,NA,4.374707419
"142","LAUR",1,"7/20/2021",142,"vagans","P",42,1.62324929,2.212,NA,4.374707419,NA,4.374707419
"143","LAUR",1,"7/20/2021",143,"vagans","P",48,1.681241237,2.506644,NA,4.374707419,NA,4.374707419
"144","LAUR",1,"7/20/2021",144,"gris","A",0,0,2.785174,NA,4.374707419,NA,4.374707419
"145","LAUR",1,"7/20/2021",145,"vagans","P",26,1.414973348,2.45,NA,4.374707419,NA,4.374707419
"146","LAUR",1,"7/20/2021",146,"vagans","A",0,0,2.426,NA,4.374707419,NA,4.374707419
"147","LAUR",1,"7/20/2021",147,"vagans","A",0,0,2.219,NA,4.374707419,NA,4.374707419
"148","LAUR",1,"7/20/2021",148,"vagans","P",190,2.278753601,2.562,NA,4.374707419,NA,4.374707419
"149","LAUR",1,"7/20/2021",149,"vagans","A",0,0,2.502,NA,4.374707419,NA,4.374707419
"150","LAUR",1,"7/20/2021",150,"vagans","P",44,1.643452676,NA,NA,4.374707419,NA,4.374707419
"151","LAUR",1,"7/20/2021",151,"vagans","P",13,1.113943352,2.262,NA,4.374707419,NA,4.374707419
"152","LAUR",1,"7/20/2021",152,"vagans","A",0,0,2.318,NA,4.374707419,NA,4.374707419
"153","LAUR",1,"7/20/2021",153,"bimac","A",0,0,2.953,NA,4.374707419,NA,4.374707419
"154","LAUR",1,"7/20/2021",154,"vagans","P",39,1.591064607,2.277,NA,4.374707419,NA,4.374707419
"155","LAUR",1,"7/20/2021",155,"bimac","P",82,1.913813852,2.651,NA,4.374707419,NA,4.374707419
"156","LAUR",1,"7/20/2021",156,"vagans",NA,NA,NA,NA,NA,4.374707419,NA,4.374707419
"157","LAUR",1,"7/20/2021",157,"vagans","A",0,0,2.102,NA,4.374707419,NA,4.374707419
"158","LAUR",1,"7/20/2021",158,"vagans","P",38,1.579783597,2.297,NA,4.374707419,NA,4.374707419
"159","LAUR",1,"7/20/2021",159,"vagans","P",9,0.954242509,2.379316,NA,4.374707419,NA,4.374707419
"160","LAUR",1,"7/20/2021",160,"imp",NA,NA,NA,NA,NA,4.374707419,NA,4.374707419
"161","LAUR",1,"7/20/2021",161,"bimac","P",80,1.903089987,3.124,NA,4.374707419,NA,4.374707419
"162","LAUR",1,"7/20/2021",162,"vagans","A",0,0,2.059,NA,4.374707419,NA,4.374707419
"163","LAUR",1,"7/20/2021",163,"vagans","P",58,1.763427994,2.543,NA,4.374707419,NA,4.374707419
"164","LAUR",1,"7/20/2021",164,"vagans","A",0,0,2.502,NA,4.374707419,NA,4.374707419
"165","LAUR",1,"7/20/2021",165,"vagans","P",6,0.77815125,2.129,NA,4.374707419,NA,4.374707419
"166","LAUR",1,"7/20/2021",166,"bimac","P",99,1.995635195,2.773,NA,4.374707419,NA,4.374707419
"167","LAUR",1,"7/20/2021",167,"vagans","A",0,0,2.544,NA,4.374707419,NA,4.374707419
"168","LAUR",1,"7/20/2021",168,"vagans","P",13,1.113943352,2.183,NA,4.374707419,NA,4.374707419
"169","LAUR",1,"7/20/2021",169,"vagans","P",5,0.698970004,2.175,NA,4.374707419,NA,4.374707419
"170","LAUR",1,"7/22/2021",170,"imp","A",0,0,1.977,NA,4.374707419,NA,4.374707419
"171","LAUR",1,"7/22/2021",171,"imp","P",22,1.342422681,2.808,NA,4.374707419,NA,4.374707419
"172","LAUR",1,"7/22/2021",172,"imp","A",0,0,2.774,NA,4.374707419,NA,4.374707419
"173","LAUR",1,"7/22/2021",173,"gris","A",0,0,3.43,NA,4.374707419,NA,4.374707419
"174","LAUR",1,"7/22/2021",174,"imp","A",0,0,2.587,NA,4.374707419,NA,4.374707419
"175","LAUR",1,"7/22/2021",175,"bimac","A",0,0,3.7,NA,4.374707419,NA,4.374707419
"176","LAUR",1,"7/22/2021",176,"imp","P",1,0,2.502,NA,4.374707419,NA,4.374707419
"177","LAUR",1,"7/22/2021",177,"imp","A",0,0,2.939,NA,4.374707419,NA,4.374707419
"178","LAUR",1,"7/22/2021",178,"gris",NA,NA,NA,NA,NA,4.374707419,NA,4.374707419
"179","LAUR",1,"7/22/2021",179,"gris","P",142,2.152288344,3.23878,NA,4.374707419,NA,4.374707419
"180","LAUR",1,"7/22/2021",180,"bimac",NA,NA,NA,NA,NA,4.374707419,NA,4.374707419
"181","LAUR",1,"7/22/2021",181,"bimac","A",0,0,3.041,NA,4.374707419,NA,4.374707419
"182","LAUR",1,"7/22/2021",182,"bimac","A",0,0,3.208,NA,4.374707419,NA,4.374707419
"183","LAUR",1,"7/22/2021",183,"bimac","A",0,0,3.294486,NA,4.374707419,NA,4.374707419
"184","LAUR",1,"7/22/2021",184,"gris","A",0,0,3.326318,NA,4.374707419,NA,4.374707419
"185","LAUR",1,"7/22/2021",185,"imp","A",0,0,2.891,NA,4.374707419,NA,4.374707419
"186","LAUR",1,"7/22/2021",186,"vagans","A",0,0,3.421814,NA,4.374707419,NA,4.374707419
"187","LAUR",1,"7/22/2021",187,"gris","A",0,0,3.366108,NA,4.374707419,NA,4.374707419
"188","LAUR",1,"7/22/2021",188,"imp","P",3,0.477121255,2.404,NA,4.374707419,NA,4.374707419
"189","LAUR",1,"7/22/2021",189,"imp","A",0,0,2.277,NA,4.374707419,NA,4.374707419
"190","LAUR",1,"7/22/2021",190,NA,"A",0,0,3.67647,NA,4.374707419,NA,4.374707419
"191","LAUR",1,"7/22/2021",191,"imp","P",9,0.954242509,2.906,NA,4.374707419,NA,4.374707419
"192","LAUR",1,"7/22/2021",192,"bimac","P",150,2.176091259,2.953,NA,4.374707419,NA,4.374707419
"193","LAUR",1,"7/22/2021",193,"imp","P",3,0.477121255,3.044,NA,4.374707419,NA,4.374707419
"194","LAUR",1,"7/22/2021",194,"imp","P",53,1.72427587,2.717,NA,4.374707419,NA,4.374707419
"195","LAUR",1,"7/22/2021",195,"imp","P",75,1.875061263,3.058,NA,4.374707419,NA,4.374707419
"196","LAUR",1,"7/22/2021",196,"imp","A",0,0,2.825,NA,4.374707419,NA,4.374707419
"197","LAUR",1,"7/22/2021",197,"imp","A",0,0,3.57,NA,4.374707419,NA,4.374707419
"198","LAUR",1,"7/22/2021",198,"imp","A",0,0,2.511,NA,4.374707419,NA,4.374707419
"199","LAUR",1,"7/22/2021",199,"imp","P",92,1.963787827,2.823,NA,4.374707419,NA,4.374707419
"200","LAUR",1,"7/22/2021",200,"gris","P",45,1.653212514,3.214906,NA,4.374707419,NA,4.374707419
"201","LAUR",1,"7/22/2021",201,"imp","P",53,1.72427587,2.765,NA,4.374707419,NA,4.374707419
"202","LAUR",1,"7/22/2021",202,"imp","A",0,0,2.953,NA,4.374707419,NA,4.374707419
"203","LAUR",1,"7/22/2021",203,"imp","A",0,0,2.531,NA,4.374707419,NA,4.374707419
"204","LAUR",1,"7/22/2021",204,"imp","A",0,0,2.872,NA,4.374707419,NA,4.374707419
"205","LAUR",1,"7/22/2021",205,"imp","A",0,0,2.911,NA,4.374707419,NA,4.374707419
"206","LAUR",1,"7/22/2021",206,"imp",NA,NA,NA,NA,NA,4.374707419,NA,4.374707419
"207","LAUR",1,"7/22/2021",207,"imp","A",0,0,2.823,NA,4.374707419,NA,4.374707419
"208","LAUR",1,"7/22/2021",208,"imp","P",69,1.838849091,3.16,NA,4.374707419,NA,4.374707419
"209","LAUR",1,"7/22/2021",209,"imp","P",15,1.176091259,2.508,NA,4.374707419,NA,4.374707419
"210","LAUR",1,"7/22/2021",210,"imp","A",0,0,2.682,NA,4.374707419,NA,4.374707419
"211","LAUR",1,"7/22/2021",211,"bimac","P",55,1.740362689,2.676,NA,4.374707419,NA,4.374707419
"212","GOLO",1,"7/26/2021",212,"imp","P",1,0,2.653,2.605520523,3.014247444,1.397940009,3.164813677
"213","GOLO",1,"7/26/2021",213,"imp","P",316,2.499687083,2.44,2.605520523,3.014247444,1.397940009,3.164813677
"214","GOLO",1,"7/26/2021",214,"vagans","A",0,0,2.594182,2.605520523,3.014247444,1.397940009,3.164813677
"215","GOLO",1,"7/26/2021",215,"vagans","A",0,0,2.231,2.605520523,3.014247444,1.397940009,3.164813677
"216","GOLO",1,"7/26/2021",216,"imp","A",0,0,2.141,2.605520523,3.014247444,1.397940009,3.164813677
"217","GOLO",1,"7/26/2021",217,"imp","A",0,0,3.069,2.605520523,3.014247444,1.397940009,3.164813677
"218","GOLO",1,"7/26/2021",218,"imp","A",0,0,3.068,2.605520523,3.014247444,1.397940009,3.164813677
"219","GOLO",1,"7/26/2021",219,"vagans",NA,NA,NA,NA,2.605520523,3.014247444,1.397940009,3.164813677
"220","GOLO",1,"7/26/2021",220,"vagans","P",37,1.568201724,2.454,2.605520523,3.014247444,1.397940009,3.164813677
"221","GOLO",1,"7/26/2021",221,"imp","A",0,0,3.078,2.605520523,3.014247444,1.397940009,3.164813677
"222","GOLO",1,"7/26/2021",222,"vagans","P",2,0.301029996,2.303,2.605520523,3.014247444,1.397940009,3.164813677
"223","GOLO",1,"7/26/2021",223,"gris","P",82,1.913813852,3.286528,2.605520523,3.014247444,1.397940009,3.164813677
"224","GOLO",1,"7/26/2021",224,"imp","P",246,2.390935107,2.842,2.605520523,3.014247444,1.397940009,3.164813677
"225","GOLO",1,"7/27/2021",225,"imp","A",0,0,2.648,2.605520523,3.014247444,1.397940009,3.164813677
"226","GOLO",1,"7/27/2021",226,"imp","A",0,0,2.516,2.605520523,3.014247444,1.397940009,3.164813677
"227","GOLO",1,"7/27/2021",227,"imp","A",0,0,2.337,2.605520523,3.014247444,1.397940009,3.164813677
"228","GOLO",1,"7/27/2021",228,"imp","P",131,2.117271296,2.578,2.605520523,3.014247444,1.397940009,3.164813677
"229","GOLO",1,"7/27/2021",229,"imp","P",31,1.491361694,2.63,2.605520523,3.014247444,1.397940009,3.164813677
"230","GOLO",1,"7/27/2021",230,"imp","A",0,0,2.666,2.605520523,3.014247444,1.397940009,3.164813677
"231","GOLO",1,"7/27/2021",231,"imp","P",25,1.397940009,2.514,2.605520523,3.014247444,1.397940009,3.164813677
"232","RCON",2,"7/28/2021",232,"imp","A",0,0,2.442,3.123198075,0,NA,3.123198075
"233","RCON",2,"7/28/2021",232,"imp","A",0,0,2.442,3.123198075,0,NA,0
"234","RCON",2,"7/28/2021",233,"imp","P",119,2.075546961,2.453,3.123198075,0,NA,3.123198075
"235","RCON",2,"7/28/2021",233,"imp","P",119,2.075546961,2.453,3.123198075,0,NA,0
"236","RCON",2,"7/28/2021",234,"imp","A",0,0,2.576,3.123198075,0,NA,3.123198075
"237","RCON",2,"7/28/2021",234,"imp","A",0,0,2.576,3.123198075,0,NA,0
"238","RCON",2,"7/28/2021",235,"imp","A",0,0,2.153,3.123198075,0,NA,3.123198075
"239","RCON",2,"7/28/2021",235,"imp","A",0,0,2.153,3.123198075,0,NA,0
"240","RCON",2,"7/28/2021",236,"imp","P",5,0.698970004,2.074,3.123198075,0,NA,3.123198075
"241","RCON",2,"7/28/2021",236,"imp","P",5,0.698970004,2.074,3.123198075,0,NA,0
"242","RCON",2,"7/28/2021",237,"bimac","P",390,2.591064607,2.64193,3.123198075,0,NA,3.123198075
"243","RCON",2,"7/28/2021",237,"bimac","P",390,2.591064607,2.64193,3.123198075,0,NA,0
"244","RCON",2,"7/28/2021",238,"imp","P",1,0,2.088,3.123198075,0,NA,3.123198075
"245","RCON",2,"7/28/2021",238,"imp","P",1,0,2.088,3.123198075,0,NA,0
"246","RCON",2,"7/28/2021",239,"imp","P",6,0.77815125,2.358,3.123198075,0,NA,3.123198075
"247","RCON",2,"7/28/2021",239,"imp","P",6,0.77815125,2.358,3.123198075,0,NA,0
"248","RCON",2,"7/28/2021",240,"imp","A",0,0,2.647,3.123198075,0,NA,3.123198075
"249","RCON",2,"7/28/2021",240,"imp","A",0,0,2.647,3.123198075,0,NA,0
"250","RCON",2,"7/28/2021",241,"imp",NA,NA,NA,NA,3.123198075,0,NA,3.123198075
"251","RCON",2,"7/28/2021",241,"imp",NA,NA,NA,NA,3.123198075,0,NA,0
"252","RCON",2,"7/28/2021",242,"imp","P",99,1.995635195,1.894,3.123198075,0,NA,3.123198075
"253","RCON",2,"7/28/2021",242,"imp","P",99,1.995635195,1.894,3.123198075,0,NA,0
"254","RCON",2,"7/28/2021",243,"imp","A",0,0,2.943,3.123198075,0,NA,3.123198075
"255","RCON",2,"7/28/2021",243,"imp","A",0,0,2.943,3.123198075,0,NA,0
"256","RCON",2,"7/28/2021",244,"imp","P",31,1.491361694,2.209,3.123198075,0,NA,3.123198075
"257","RCON",2,"7/28/2021",244,"imp","P",31,1.491361694,2.209,3.123198075,0,NA,0
"258","RCON",2,"7/28/2021",245,"gris","A",0,0,3.31836,3.123198075,0,NA,3.123198075
"259","RCON",2,"7/28/2021",245,"gris","A",0,0,3.31836,3.123198075,0,NA,0
"260","RCON",2,"7/28/2021",246,"imp","P",72,1.857332496,2.566,3.123198075,0,NA,3.123198075
"261","RCON",2,"7/28/2021",246,"imp","P",72,1.857332496,2.566,3.123198075,0,NA,0
"262","RCON",2,"7/28/2021",247,"imp","P",3,0.477121255,1.937,3.123198075,0,NA,3.123198075
"263","RCON",2,"7/28/2021",247,"imp","P",3,0.477121255,1.937,3.123198075,0,NA,0
"264","RCON",2,"7/28/2021",248,"imp","P",151,2.178976947,2.303,3.123198075,0,NA,3.123198075
"265","RCON",2,"7/28/2021",248,"imp","P",151,2.178976947,2.303,3.123198075,0,NA,0
"266","RCON",2,"7/28/2021",249,"imp","P",99,1.995635195,2.524,3.123198075,0,NA,3.123198075
"267","RCON",2,"7/28/2021",249,"imp","P",99,1.995635195,2.524,3.123198075,0,NA,0
"268","RCON",2,"7/28/2021",250,"imp","A",0,0,2.488,3.123198075,0,NA,3.123198075
"269","RCON",2,"7/28/2021",250,"imp","A",0,0,2.488,3.123198075,0,NA,0
"270","RCON",2,"7/28/2021",251,"imp",NA,NA,NA,NA,3.123198075,0,NA,3.123198075
"271","RCON",2,"7/28/2021",251,"imp",NA,NA,NA,NA,3.123198075,0,NA,0
"272","RCON",2,"7/28/2021",252,"imp","A",0,0,2.61,3.123198075,0,NA,3.123198075
"273","RCON",2,"7/28/2021",252,"imp","A",0,0,2.61,3.123198075,0,NA,0
"274","RCON",2,"7/28/2021",253,"imp","A",0,0,2.02,3.123198075,0,NA,3.123198075
"275","RCON",2,"7/28/2021",253,"imp","A",0,0,2.02,3.123198075,0,NA,0
"276","RCON",2,"7/28/2021",254,"imp","A",0,0,1.856,3.123198075,0,NA,3.123198075
"277","RCON",2,"7/28/2021",254,"imp","A",0,0,1.856,3.123198075,0,NA,0
"278","RCON",2,"7/28/2021",255,"imp","A",0,0,1.926,3.123198075,0,NA,3.123198075
"279","RCON",2,"7/28/2021",255,"imp","A",0,0,1.926,3.123198075,0,NA,0
"280","RCON",2,"7/28/2021",256,"imp","P",1,0,3.059,3.123198075,0,NA,3.123198075
"281","RCON",2,"7/28/2021",256,"imp","P",1,0,3.059,3.123198075,0,NA,0
"282","RCON",2,"7/28/2021",257,"bimac","P",28,1.447158031,2.169,3.123198075,0,NA,3.123198075
"283","RCON",2,"7/28/2021",257,"bimac","P",28,1.447158031,2.169,3.123198075,0,NA,0
"284","RCON",2,"7/28/2021",258,"imp","P",66,1.819543936,2.197,3.123198075,0,NA,3.123198075
"285","RCON",2,"7/28/2021",258,"imp","P",66,1.819543936,2.197,3.123198075,0,NA,0
"286","RCON",2,"7/28/2021",259,"imp","P",17,1.230448921,1.892,3.123198075,0,NA,3.123198075
"287","RCON",2,"7/28/2021",259,"imp","P",17,1.230448921,1.892,3.123198075,0,NA,0
"288","RCON",2,"7/28/2021",260,"imp","P",8,0.903089987,2.138,3.123198075,0,NA,3.123198075
"289","RCON",2,"7/28/2021",260,"imp","P",8,0.903089987,2.138,3.123198075,0,NA,0
"290","RCON",2,"7/28/2021",261,"imp","A",0,0,1.849,3.123198075,0,NA,3.123198075
"291","RCON",2,"7/28/2021",261,"imp","A",0,0,1.849,3.123198075,0,NA,0
"292","RCON",2,"7/28/2021",262,"imp","A",0,0,2.031,3.123198075,0,NA,3.123198075
"293","RCON",2,"7/28/2021",262,"imp","A",0,0,2.031,3.123198075,0,NA,0
"294","RCON",2,"7/28/2021",263,"imp","A",0,0,2.308,3.123198075,0,NA,3.123198075
"295","RCON",2,"7/28/2021",263,"imp","A",0,0,2.308,3.123198075,0,NA,0
"296","RCON",2,"7/28/2021",264,"imp","P",8,0.903089987,2.077,3.123198075,0,NA,3.123198075
"297","RCON",2,"7/28/2021",264,"imp","P",8,0.903089987,2.077,3.123198075,0,NA,0
"298","RCON",2,"7/28/2021",265,"imp","A",0,0,2.084,3.123198075,0,NA,3.123198075
"299","RCON",2,"7/28/2021",265,"imp","A",0,0,2.084,3.123198075,0,NA,0
"300","RCUT",2,"7/28/2021",266,"imp","P",168,2.225309282,2.518,NA,4.161122332,NA,4.161122332
"301","RCUT",2,"7/28/2021",267,"imp","A",0,0,2.391,NA,4.161122332,NA,4.161122332
"302","RCUT",2,"7/28/2021",268,"bimac","P",268,2.428134794,2.218,NA,4.161122332,NA,4.161122332
"303","RCUT",2,"7/28/2021",269,"imp","P",64,1.806179974,2.486,NA,4.161122332,NA,4.161122332
"304","RCUT",2,"7/28/2021",270,"imp","P",166,2.220108088,2.105,NA,4.161122332,NA,4.161122332
"305","RCUT",2,"7/28/2021",271,"imp","A",0,0,2.573,NA,4.161122332,NA,4.161122332
"306","RCUT",2,"7/28/2021",272,"imp","P",140,2.146128036,2.736,NA,4.161122332,NA,4.161122332
"307","RCUT",2,"7/28/2021",273,"imp",NA,NA,NA,NA,NA,4.161122332,NA,4.161122332
"308","RCUT",2,"7/28/2021",274,"imp","P",72,1.857332496,2.087,NA,4.161122332,NA,4.161122332
"309","RCUT",2,"7/28/2021",275,"imp","A",0,0,2.631,NA,4.161122332,NA,4.161122332
"310","RCUT",2,"7/28/2021",276,"imp","P",79,1.897627091,2.849,NA,4.161122332,NA,4.161122332
"311","RCUT",2,"7/28/2021",277,"imp","A",0,0,2.775,NA,4.161122332,NA,4.161122332
"312","RCUT",2,"7/28/2021",278,"imp","P",182,2.260071388,2.438,NA,4.161122332,NA,4.161122332
"313","RCUT",2,"7/28/2021",279,"gris","A",0,0,2.713552,NA,4.161122332,NA,4.161122332
"314","RCUT",2,"7/28/2021",280,"imp","P",264,2.421603927,3.14,NA,4.161122332,NA,4.161122332
"315","RCUT",2,"7/28/2021",281,"imp",NA,NA,NA,NA,NA,4.161122332,NA,4.161122332
"316","RCUT",2,"7/28/2021",282,"vagans","P",197,2.294466226,2.544,NA,4.161122332,NA,4.161122332
"317","RCUT",2,"7/28/2021",283,"imp","P",3,0.477121255,3.121,NA,4.161122332,NA,4.161122332
"318","RCUT",2,"7/28/2021",284,"imp","P",10,1,2.493,NA,4.161122332,NA,4.161122332
"319","RCUT",2,"7/28/2021",285,"imp","P",3,0.477121255,2.678,NA,4.161122332,NA,4.161122332
"320","RCUT",2,"7/28/2021",286,"gris","P",16,1.204119983,3.214906,NA,4.161122332,NA,4.161122332
"321","RCUT",2,"7/28/2021",287,"bimac","P",109,2.037426498,2.71,NA,4.161122332,NA,4.161122332
"322","RCUT",2,"7/28/2021",288,"bimac","P",42,1.62324929,2.957,NA,4.161122332,NA,4.161122332
"323","RCUT",2,"7/28/2021",289,"imp","P",93,1.968482949,2.644,NA,4.161122332,NA,4.161122332
"324","RCUT",2,"7/28/2021",290,"imp","P",33,1.51851394,2.632,NA,4.161122332,NA,4.161122332
"325","RCUT",2,"7/28/2021",291,"imp","P",61,1.785329835,2.542,NA,4.161122332,NA,4.161122332
"326","RCUT",2,"7/28/2021",292,"imp","A",0,0,2.296,NA,4.161122332,NA,4.161122332
"327","RCUT",2,"7/28/2021",293,"imp","P",1,0,2.273,NA,4.161122332,NA,4.161122332
"328","RCUT",2,"7/28/2021",294,"imp","P",68,1.832508913,2.49,NA,4.161122332,NA,4.161122332
"329","RCUT",2,"7/28/2021",295,"imp","P",50,1.698970004,2.351,NA,4.161122332,NA,4.161122332
"330","RCUT",2,"7/28/2021",296,"imp",NA,NA,NA,NA,NA,4.161122332,NA,4.161122332
"331","RCON",2,"7/28/2021",297,"imp","P",110,2.041392685,2.56,3.123198075,0,NA,3.123198075
"332","RCON",2,"7/28/2021",297,"imp","P",110,2.041392685,2.56,3.123198075,0,NA,0
"333","RCUT",2,"7/28/2021",298,"imp","A",0,0,2.631,NA,4.161122332,NA,4.161122332
"334","LASA",1,"8/3/2021",299,"imp","A",0,0,2.386,4.058615797,3.330555809,2.120573931,4.137281301
"335","LASA",1,"8/3/2021",300,"imp","A",0,0,2.831,4.058615797,3.330555809,2.120573931,4.137281301
"336","LASA",1,"8/3/2021",301,"imp","P",19,1.278753601,3.135,4.058615797,3.330555809,2.120573931,4.137281301
"337","LASA",1,"8/3/2021",302,"imp","A",0,0,2.726,4.058615797,3.330555809,2.120573931,4.137281301
"338","LASA",1,"8/3/2021",303,"imp","A",0,0,2.601,4.058615797,3.330555809,2.120573931,4.137281301
"339","LASA",1,"8/3/2021",304,"imp","P",13,1.113943352,2.567,4.058615797,3.330555809,2.120573931,4.137281301
"340","LASA",1,"8/3/2021",305,"imp","P",23,1.361727836,2.671,4.058615797,3.330555809,2.120573931,4.137281301
"341","LASA",1,"8/3/2021",306,"imp","P",21,1.322219295,2.645,4.058615797,3.330555809,2.120573931,4.137281301
"342","LASA",1,"8/3/2021",307,"imp",NA,NA,NA,NA,4.058615797,3.330555809,2.120573931,4.137281301
"343","LASA",1,"8/3/2021",308,"imp","A",0,0,3.009,4.058615797,3.330555809,2.120573931,4.137281301
"344","LASA",1,"8/3/2021",309,"imp","A",0,0,2.44,4.058615797,3.330555809,2.120573931,4.137281301
"345","LASA",1,"8/3/2021",310,"imp","A",0,0,2.902,4.058615797,3.330555809,2.120573931,4.137281301
"346","LASA",1,"8/3/2021",311,"imp","P",47,1.672097858,2.887,4.058615797,3.330555809,2.120573931,4.137281301
"347","LASA",1,"8/3/2021",312,"imp","A",0,0,2.759,4.058615797,3.330555809,2.120573931,4.137281301
"348","LASA",1,"8/3/2021",313,"bimac",NA,NA,NA,3.326318,4.058615797,3.330555809,2.120573931,4.137281301
"349","LASA",1,"8/3/2021",314,"imp","P",49,1.69019608,2.98,4.058615797,3.330555809,2.120573931,4.137281301
"350","LASA",1,"8/3/2021",315,"imp","P",29,1.462397998,2.755,4.058615797,3.330555809,2.120573931,4.137281301
"351","LASA",1,"8/3/2021",316,"imp","A",0,0,2.73,4.058615797,3.330555809,2.120573931,4.137281301
"352","LASA",1,"8/3/2021",317,"imp","A",0,0,2.82,4.058615797,3.330555809,2.120573931,4.137281301
"353","LASA",1,"8/3/2021",318,"imp","P",160,2.204119983,2.798,4.058615797,3.330555809,2.120573931,4.137281301
"354","LASA",1,"8/3/2021",319,"imp","A",0,0,2.267,4.058615797,3.330555809,2.120573931,4.137281301
"355","LASA",1,"8/3/2021",320,"imp","P",131,2.117271296,2.801,4.058615797,3.330555809,2.120573931,4.137281301
"356","LASA",1,"8/3/2021",321,"imp","P",8,0.903089987,2.809,4.058615797,3.330555809,2.120573931,4.137281301
"357","LASA",1,"8/3/2021",322,"imp","A",0,0,2.901,4.058615797,3.330555809,2.120573931,4.137281301
"358","LASA",1,"8/3/2021",323,"imp","A",0,0,2.721,4.058615797,3.330555809,2.120573931,4.137281301
"359","LASA",1,"8/3/2021",324,"imp",NA,NA,NA,NA,4.058615797,3.330555809,2.120573931,4.137281301
"360","LASA",1,"8/3/2021",325,"imp","A",0,0,2.576,4.058615797,3.330555809,2.120573931,4.137281301
"361","LASA",1,"8/3/2021",326,"imp","P",19,1.278753601,2.057,4.058615797,3.330555809,2.120573931,4.137281301
"362","SIMP",2,"8/4/2021",327,"imp","P",128,2.10720997,2.541,3.19154821,3.452292562,NA,3.642231762
"363","SIMP",2,"8/4/2021",328,"imp","P",26,1.414973348,2.294,3.19154821,3.452292562,NA,3.642231762
"364","SIMP",2,"8/4/2021",329,"imp",NA,NA,NA,NA,3.19154821,3.452292562,NA,3.642231762
"365","SIMP",2,"8/4/2021",330,"imp","P",29,1.462397998,2.298,3.19154821,3.452292562,NA,3.642231762
"366","SIMP",2,"8/4/2021",331,"imp","P",18,1.255272505,2.832,3.19154821,3.452292562,NA,3.642231762
"367","SIMP",2,"8/4/2021",332,"imp","P",2,0.301029996,2.095,3.19154821,3.452292562,NA,3.642231762
"368","SIMP",2,"8/4/2021",333,"imp","A",0,0,2.914,3.19154821,3.452292562,NA,3.642231762
"369","SIMP",2,"8/4/2021",334,"imp","A",0,0,2.808,3.19154821,3.452292562,NA,3.642231762
"370","SIMP",2,"8/4/2021",335,"imp","A",0,0,2.788,3.19154821,3.452292562,NA,3.642231762
"371","SIMP",2,"8/4/2021",336,"imp","A",0,0,2.576,3.19154821,3.452292562,NA,3.642231762
"372","SIMP",2,"8/4/2021",337,"imp","A",0,0,2.753,3.19154821,3.452292562,NA,3.642231762
"373","SIMP",2,"8/4/2021",338,"imp","A",0,0,2.055,3.19154821,3.452292562,NA,3.642231762
"374","SIMP",2,"8/4/2021",339,"imp","A",0,0,2.587,3.19154821,3.452292562,NA,3.642231762
"375","SIMP",2,"8/4/2021",340,"imp",NA,NA,NA,NA,3.19154821,3.452292562,NA,3.642231762
"376","SIMP",2,"8/4/2021",341,"imp","P",1,0,2.465,3.19154821,3.452292562,NA,3.642231762
"377","SIMP",2,"8/4/2021",342,"imp","A",0,0,2.808,3.19154821,3.452292562,NA,3.642231762
"378","SIMP",2,"8/4/2021",343,"imp","A",0,0,2.453,3.19154821,3.452292562,NA,3.642231762
"379","SIMP",2,"8/4/2021",344,"imp","A",0,0,2.613,3.19154821,3.452292562,NA,3.642231762
"380","SIMP",2,"8/4/2021",345,"imp",NA,NA,NA,NA,3.19154821,3.452292562,NA,3.642231762
"381","SIMP",2,"8/4/2021",346,"imp","A",0,0,2.307,3.19154821,3.452292562,NA,3.642231762
"382","SIMP",2,"8/4/2021",347,"vagans","P",24,1.380211242,2.38,3.19154821,3.452292562,NA,3.642231762
"383","SIMP",2,"8/4/2021",348,"imp","A",0,0,2.322,3.19154821,3.452292562,NA,3.642231762
"384","SIMP",2,"8/4/2021",349,"imp","A",0,0,1.864,3.19154821,3.452292562,NA,3.642231762
"385","SIMP",2,"8/4/2021",350,"imp","A",0,0,2.69,3.19154821,3.452292562,NA,3.642231762
"386","SIMP",2,"8/4/2021",351,"imp","A",0,0,2.674,3.19154821,3.452292562,NA,3.642231762
"387","SIMP",2,"8/4/2021",352,"imp","P",7,0.84509804,2.617,3.19154821,3.452292562,NA,3.642231762
"388","SIMP",2,"8/4/2021",353,"imp","A",0,0,2.545,3.19154821,3.452292562,NA,3.642231762
"389","SIMP",2,"8/4/2021",354,"imp","A",0,0,2.784,3.19154821,3.452292562,NA,3.642231762
"390","SIMP",2,"8/4/2021",355,"imp","A",0,0,2.042,3.19154821,3.452292562,NA,3.642231762
"391","SIMP",2,"8/4/2021",356,"imp","A",0,0,1.95,3.19154821,3.452292562,NA,3.642231762
"392","SIMP",2,"8/4/2021",357,"imp",NA,NA,NA,2.819,3.19154821,3.452292562,NA,3.642231762
"393","SIMP",2,"8/4/2021",358,"imp","A",0,0,2.716,3.19154821,3.452292562,NA,3.642231762
"394","SIMP",2,"8/4/2021",359,"imp","A",0,0,2.71,3.19154821,3.452292562,NA,3.642231762
"395","SIMP",2,"8/4/2021",360,"imp","P",1,0,2.935,3.19154821,3.452292562,NA,3.642231762
"396","SIMP",2,"8/4/2021",361,"imp",NA,NA,NA,NA,3.19154821,3.452292562,NA,3.642231762
"397","SIMP",2,"8/4/2021",362,"imp","A",0,0,2.398,3.19154821,3.452292562,NA,3.642231762
"398","SIMP",2,"8/4/2021",363,"imp","P",68,1.832508913,NA,3.19154821,3.452292562,NA,3.642231762
"399","SIMP",2,"8/4/2021",364,"imp","A",0,0,2.011,3.19154821,3.452292562,NA,3.642231762
"400","SIMP",2,"8/4/2021",365,"imp","P",16,1.204119983,2.596,3.19154821,3.452292562,NA,3.642231762
"401","SIMP",2,"8/4/2021",366,"imp","A",0,0,2.246,3.19154821,3.452292562,NA,3.642231762
"402","SIMP",2,"8/4/2021",367,"imp","A",0,0,2.398,3.19154821,3.452292562,NA,3.642231762
"403","SIMP",2,"8/4/2021",368,"imp",NA,NA,NA,NA,3.19154821,3.452292562,NA,3.642231762
"404","LAUR",2,"8/5/2021",369,"bimac","P",18,1.255272505,3.764008,NA,4.563667538,NA,4.563667538
"405","LAUR",2,"8/5/2021",370,"vagans","P",19,1.278753601,2.387274,NA,4.563667538,NA,4.563667538
"406","LAUR",2,"8/5/2021",371,"vagans","P",8,0.903089987,2.44298,NA,4.563667538,NA,4.563667538
"407","LAUR",2,"8/5/2021",372,"vagans","A",0,0,2.371358,NA,4.563667538,NA,4.563667538
"408","LAUR",2,"8/5/2021",373,"vagans","P",34,1.531478917,2.944334,NA,4.563667538,NA,4.563667538
"409","LAUR",2,"8/5/2021",374,"vagans","P",157,2.195899652,2.514602,NA,4.563667538,NA,4.563667538
"410","LAUR",2,"8/5/2021",375,"vagans","P",125,2.096910013,2.072,NA,4.563667538,NA,4.563667538
"411","LAUR",2,"8/5/2021",376,"vagans","A",0,0,2.610098,NA,4.563667538,NA,4.563667538
"412","LAUR",2,"8/5/2021",377,"vagans","A",0,0,2.396,NA,4.563667538,NA,4.563667538
"413","LAUR",2,"8/5/2021",378,"vagans","A",0,0,2.618056,NA,4.563667538,NA,4.563667538
"414","LAUR",2,"8/5/2021",379,"vagans","P",20,1.301029996,2.777216,NA,4.563667538,NA,4.563667538
"415","LAUR",2,"8/5/2021",380,"vagans","P",6,0.77815125,2.60214,NA,4.563667538,NA,4.563667538
"416","LAUR",2,"8/5/2021",381,"gris","P",69,1.838849091,3.294486,NA,4.563667538,NA,4.563667538
"417","LAUR",2,"8/5/2021",382,"bimac","A",0,0,3.51731,NA,4.563667538,NA,4.563667538
"418","LAUR",2,"8/5/2021",383,"vagans",NA,NA,NA,NA,NA,4.563667538,NA,4.563667538
"419","LAUR",2,"8/5/2021",384,NA,"A",0,0,2.538476,NA,4.563667538,NA,4.563667538
"420","LAUR",2,"8/5/2021",385,NA,"A",0,0,2.395232,NA,4.563667538,NA,4.563667538
"421","LAUR",2,"8/5/2021",386,"imp","P",282,2.450249108,2.530518,NA,4.563667538,NA,4.563667538
"422","LAUR",2,"8/5/2021",387,"imp","P",82,1.913813852,2.570308,NA,4.563667538,NA,4.563667538
"423","LAUR",2,"8/5/2021",388,"imp","A",0,0,2.347484,NA,4.563667538,NA,4.563667538
"424","LAUR",2,"8/5/2021",389,"imp","A",0,0,2.20424,NA,4.563667538,NA,4.563667538
"425","LAUR",2,"8/5/2021",390,"imp","A",0,0,2.331568,NA,4.563667538,NA,4.563667538
"426","LAUR",2,"8/5/2021",391,"imp","P",3,0.477121255,2.220156,NA,4.563667538,NA,4.563667538
"427","LAUR",2,"8/5/2021",392,"imp","P",2,0.301029996,2.842,NA,4.563667538,NA,4.563667538
"428","LAUR",2,"8/5/2021",393,"imp","P",109,2.037426498,2.734,NA,4.563667538,NA,4.563667538
"429","LAUR",2,"8/5/2021",394,"imp","A",0,0,2.583,NA,4.563667538,NA,4.563667538
"430","LAUR",2,"8/5/2021",395,"imp","P",65,1.812913357,2.925,NA,4.563667538,NA,4.563667538
"431","LAUR",2,"8/5/2021",396,"imp","P",86,1.934498451,2.654,NA,4.563667538,NA,4.563667538
"432","LAUR",2,"8/5/2021",397,"imp",NA,NA,NA,NA,NA,4.563667538,NA,4.563667538
"433","LAUR",2,"8/5/2021",398,"imp","P",58,1.763427994,NA,NA,4.563667538,NA,4.563667538
"434","LAUR",2,"8/5/2021",399,"imp","A",0,0,2.368,NA,4.563667538,NA,4.563667538
"435","LAUR",2,"8/5/2021",400,"imp","P",31,1.491361694,2.767,NA,4.563667538,NA,4.563667538
"436","LAUR",2,"8/5/2021",401,"imp","P",120,2.079181246,2.55,NA,4.563667538,NA,4.563667538
"437","LAUR",2,"8/5/2021",402,"imp","A",0,0,2.32,NA,4.563667538,NA,4.563667538
"438","LAUR",2,"8/5/2021",403,"imp","P",36,1.556302501,2.641,NA,4.563667538,NA,4.563667538
"439","LAUR",2,"8/5/2021",404,"imp","P",98,1.991226076,2.735,NA,4.563667538,NA,4.563667538
"440","LAUR",2,"8/5/2021",405,"imp","P",89,1.949390007,2.591,NA,4.563667538,NA,4.563667538
"441","LAUR",2,"8/5/2021",406,"imp","P",27,1.431363764,2.659,NA,4.563667538,NA,4.563667538
"442","LAUR",2,"8/5/2021",407,"imp","P",94,1.973127854,2.766,NA,4.563667538,NA,4.563667538
"443","LAUR",2,"8/5/2021",408,"imp","P",149,2.173186268,2.783,NA,4.563667538,NA,4.563667538
"444","LAUR",2,"8/5/2021",409,"imp","A",0,0,2.341,NA,4.563667538,NA,4.563667538
"445","LAUR",2,"8/5/2021",410,"imp","A",0,0,2.896586,NA,4.563667538,NA,4.563667538
"446","LAUR",2,"8/5/2021",411,"imp",NA,NA,NA,NA,NA,4.563667538,NA,4.563667538
"447","LAUR",2,"8/5/2021",412,"imp","A",0,0,2.554392,NA,4.563667538,NA,4.563667538
"448","LAUR",2,"8/5/2021",413,"imp","P",55,1.740362689,2.824964,NA,4.563667538,NA,4.563667538
"449","LAUR",2,"8/5/2021",414,"imp","P",4,0.602059991,2.633972,NA,4.563667538,NA,4.563667538
"450","LAUR",2,"8/5/2021",415,"imp","P",32,1.505149978,2.664,NA,4.563667538,NA,4.563667538
"451","LAUR",2,"8/5/2021",416,"imp","P",31,1.491361694,2.958,NA,4.563667538,NA,4.563667538
"452","LAUR",2,"8/5/2021",417,"imp","A",0,0,2.458,NA,4.563667538,NA,4.563667538
"453","LAUR",2,"8/5/2021",418,"imp","A",0,0,2.246,NA,4.563667538,NA,4.563667538
"454","LAUR",2,"8/5/2021",419,"imp","A",0,0,3.103,NA,4.563667538,NA,4.563667538
"455","LAUR",2,"8/5/2021",420,"imp",NA,NA,NA,NA,NA,4.563667538,NA,4.563667538
"456","RCON",3,"8/9/2021",421,"imp","P",34,1.531478917,2.874,NA,0,NA,0
"457","RCON",3,"8/9/2021",422,"imp","P",9,0.954242509,2.284,NA,0,NA,0
"458","RCON",3,"8/9/2021",423,"imp","P",72,1.857332496,2.249,NA,0,NA,0
"459","RCON",3,"8/9/2021",424,"imp","P",260,2.414973348,2.677,NA,0,NA,0
"460","RCON",3,"8/9/2021",425,"imp","P",160,2.204119983,2.097,NA,0,NA,0
"461","RCON",3,"8/9/2021",426,"imp","A",0,0,2.27,NA,0,NA,0
"462","RCON",3,"8/9/2021",427,"imp","A",0,0,2.282,NA,0,NA,0
"463","RCON",3,"8/9/2021",428,"imp","A",0,0,2.097,NA,0,NA,0
"464","RCON",3,"8/9/2021",429,"imp","A",0,0,2.759,NA,0,NA,0
"465","RCON",3,"8/9/2021",430,"imp","P",11,1.041392685,2.328,NA,0,NA,0
"466","RCON",3,"8/9/2021",431,"imp","P",2,0.301029996,1.967,NA,0,NA,0
"467","RCON",3,"8/9/2021",432,"imp","A",0,0,2.551,NA,0,NA,0
"468","RCON",3,"8/9/2021",433,"imp","P",3,0.477121255,2.914,NA,0,NA,0
"469","RCON",3,"8/9/2021",434,"imp","A",0,0,2.232,NA,0,NA,0
"470","RCON",3,"8/9/2021",435,"imp","P",8,0.903089987,1.886,NA,0,NA,0
"471","RCON",3,"8/9/2021",436,"imp","P",2,0.301029996,1.931,NA,0,NA,0
"472","RCON",3,"8/9/2021",437,"imp","A",0,0,1.853,NA,0,NA,0
"473","RCON",3,"8/9/2021",438,"imp","A",0,0,2.449,NA,0,NA,0
"474","RCON",3,"8/9/2021",439,"imp","P",16,1.204119983,2.541,NA,0,NA,0
"475","RCON",3,"8/9/2021",440,"imp","A",0,0,2.43,NA,0,NA,0
"476","RCON",3,"8/9/2021",441,"imp","P",10,1,2.389,NA,0,NA,0
"477","RCON",3,"8/9/2021",442,"imp","A",0,0,3.011,NA,0,NA,0
"478","RCON",3,"8/9/2021",443,"imp",NA,NA,NA,NA,NA,0,NA,0
"479","RCON",3,"8/9/2021",444,"imp","A",0,0,2.068,NA,0,NA,0
"480","RCON",3,"8/9/2021",445,"imp","P",4,0.602059991,2.173,NA,0,NA,0
"481","RCON",3,"8/9/2021",446,"imp","A",0,0,2.2,NA,0,NA,0
"482","RCON",3,"8/9/2021",447,"imp","A",0,0,2.394,NA,0,NA,0
"483","RCON",3,"8/9/2021",448,"imp","P",113,2.053078443,2.387274,NA,0,NA,0
"484","RCON",3,"8/9/2021",449,"imp","A",0,0,2.133,NA,0,NA,0
"485","RCON",3,"8/9/2021",450,"imp","P",109,2.037426498,2.136,NA,0,NA,0
"486","RCON",3,"8/9/2021",451,"imp","A",0,0,2.243,NA,0,NA,0
"487","RCON",3,"8/9/2021",452,"imp","P",52,1.716003344,2.389,NA,0,NA,0
"488","RCON",3,"8/9/2021",453,"imp","P",164,2.214843848,2.346,NA,0,NA,0
"489","RCON",3,"8/9/2021",454,"imp","A",0,0,2.002,NA,0,NA,0
"490","RCON",3,"8/9/2021",455,"imp","P",72,1.857332496,2.335,NA,0,NA,0
"491","RCON",3,"8/9/2021",456,"imp","A",0,0,2.848,NA,0,NA,0
"492","RCON",3,"8/9/2021",457,"imp","A",0,0,2.001,NA,0,NA,0
"493","RCON",3,"8/9/2021",458,"imp","P",59,1.770852012,2.224,NA,0,NA,0
"494","RCON",3,"8/9/2021",459,"imp",NA,NA,NA,NA,NA,0,NA,0
"495","RCON",3,"8/9/2021",460,"imp","A",0,0,2.042,NA,0,NA,0
"496","RCON",3,"8/9/2021",461,"imp","P",53,1.72427587,2.078,NA,0,NA,0
"497","RCUT",3,"8/10/2021",462,"imp","P",39,1.591064607,2.579,4.83615315,4.568243508,2.139564266,5.024134396
"498","RCUT",3,"8/10/2021",463,"imp","A",0,0,2.791,4.83615315,4.568243508,2.139564266,5.024134396
"499","RCUT",3,"8/10/2021",464,"imp","A",0,0,2.763,4.83615315,4.568243508,2.139564266,5.024134396
"500","RCUT",3,"8/10/2021",465,"imp","P",212,2.326335861,2.973,4.83615315,4.568243508,2.139564266,5.024134396
"501","RCUT",3,"8/10/2021",466,"imp","P",11,1.041392685,2.553,4.83615315,4.568243508,2.139564266,5.024134396
"502","RCUT",3,"8/10/2021",467,"gris","A",0,0,2.864754,4.83615315,4.568243508,2.139564266,5.024134396
"503","RCUT",3,"8/10/2021",468,"imp","P",3,0.477121255,2.614,4.83615315,4.568243508,2.139564266,5.024134396
"504","RCUT",3,"8/10/2021",469,"imp",NA,NA,NA,NA,4.83615315,4.568243508,2.139564266,5.024134396
"505","RCUT",3,"8/10/2021",470,"imp","P",3,0.477121255,1.928,4.83615315,4.568243508,2.139564266,5.024134396
"506","RCUT",3,"8/10/2021",471,"imp","A",0,0,2.203,4.83615315,4.568243508,2.139564266,5.024134396
"507","RCUT",3,"8/10/2021",472,"imp","P",27,1.431363764,2.239,4.83615315,4.568243508,2.139564266,5.024134396
"508","RCUT",3,"8/10/2021",473,"imp","P",77,1.886490725,2.782,4.83615315,4.568243508,2.139564266,5.024134396
"509","RCUT",3,"8/10/2021",474,"imp","P",140,2.146128036,2.811,4.83615315,4.568243508,2.139564266,5.024134396
"510","RCUT",3,"8/10/2021",475,"imp","P",125,2.096910013,2.132,4.83615315,4.568243508,2.139564266,5.024134396
"511","RCUT",3,"8/10/2021",476,"imp","P",18,1.255272505,2.961,4.83615315,4.568243508,2.139564266,5.024134396
"512","RCUT",3,"8/10/2021",477,"imp","A",0,0,3.098,4.83615315,4.568243508,2.139564266,5.024134396
"513","RCUT",3,"8/10/2021",478,"imp","P",9,0.954242509,2.751,4.83615315,4.568243508,2.139564266,5.024134396
"514","RCUT",3,"8/10/2021",479,"imp","A",0,0,2.554,4.83615315,4.568243508,2.139564266,5.024134396
"515","RCUT",3,"8/10/2021",480,"imp","P",54,1.73239376,2.437,4.83615315,4.568243508,2.139564266,5.024134396
"516","RCUT",3,"8/10/2021",481,"imp","A",0,0,2.734,4.83615315,4.568243508,2.139564266,5.024134396
"517","RCUT",3,"8/10/2021",482,"imp","P",46,1.662757832,2.698,4.83615315,4.568243508,2.139564266,5.024134396
"518","RCUT",3,"8/10/2021",483,"imp","A",0,0,2.332,4.83615315,4.568243508,2.139564266,5.024134396
"519","RCUT",3,"8/10/2021",484,"imp","P",5,0.698970004,2.434,4.83615315,4.568243508,2.139564266,5.024134396
"520","RCUT",3,"8/10/2021",485,"imp","A",0,0,2.306,4.83615315,4.568243508,2.139564266,5.024134396
"521","RCUT",3,"8/10/2021",486,"imp","P",42,1.62324929,2.596,4.83615315,4.568243508,2.139564266,5.024134396
"522","RCUT",3,"8/10/2021",487,"imp","P",14,1.146128036,2.46,4.83615315,4.568243508,2.139564266,5.024134396
"523","RCUT",3,"8/10/2021",488,"imp","P",69,1.838849091,2.116,4.83615315,4.568243508,2.139564266,5.024134396
"524","RCUT",3,"8/10/2021",489,"imp","A",0,0,2.671,4.83615315,4.568243508,2.139564266,5.024134396
"525","RCUT",3,"8/10/2021",490,"imp","P",36,1.556302501,2.465,4.83615315,4.568243508,2.139564266,5.024134396
"526","RCUT",3,"8/10/2021",491,"imp","P",5,0.698970004,2.649,4.83615315,4.568243508,2.139564266,5.024134396
"527","RCUT",3,"8/10/2021",492,"imp","A",0,0,2.208,4.83615315,4.568243508,2.139564266,5.024134396
"528","RCUT",3,"8/10/2021",493,"imp",NA,NA,NA,NA,4.83615315,4.568243508,2.139564266,5.024134396
"529","RCUT",3,"8/10/2021",494,"imp","P",3,0.477121255,2.581,4.83615315,4.568243508,2.139564266,5.024134396
"530","RCUT",3,"8/10/2021",495,"imp","P",47,1.672097858,2.622,4.83615315,4.568243508,2.139564266,5.024134396
"531","RCUT",3,"8/10/2021",496,"imp","P",88,1.944482672,2.315,4.83615315,4.568243508,2.139564266,5.024134396
"532","RCUT",3,"8/10/2021",497,"imp","P",35,1.544068044,2.686,4.83615315,4.568243508,2.139564266,5.024134396
"533","RCUT",3,"8/10/2021",498,"imp","P",6,0.77815125,2.542,4.83615315,4.568243508,2.139564266,5.024134396
"534","RCUT",3,"8/10/2021",499,"imp","P",2,0.301029996,2.832,4.83615315,4.568243508,2.139564266,5.024134396
"535","RCUT",3,"8/10/2021",500,"imp","P",16,1.204119983,2.561,4.83615315,4.568243508,2.139564266,5.024134396
"536","RCUT",3,"8/10/2021",501,"imp","P",2,0.301029996,1.995,4.83615315,4.568243508,2.139564266,5.024134396
"537","RCUT",3,"8/10/2021",502,"imp","A",0,0,2.934,4.83615315,4.568243508,2.139564266,5.024134396
"538","GOLO",2,"8/11/2021",503,"imp",NA,NA,NA,NA,2.728028954,3.201970342,1.531478917,3.334594472
"539","GOLO",2,"8/11/2021",504,"imp",NA,NA,NA,NA,2.728028954,3.201970342,1.531478917,3.334594472
"540","GOLO",2,"8/11/2021",505,"imp",NA,NA,NA,NA,2.728028954,3.201970342,1.531478917,3.334594472
"541","GOLO",2,"8/11/2021",506,"imp","A",0,0,2.355,2.728028954,3.201970342,1.531478917,3.334594472
"542","GOLO",2,"8/11/2021",507,"imp",NA,NA,NA,NA,2.728028954,3.201970342,1.531478917,3.334594472
"543","GOLO",2,"8/11/2021",508,"imp","A",0,0,2.249,2.728028954,3.201970342,1.531478917,3.334594472
"544","GOLO",2,"8/11/2021",509,"imp",NA,NA,NA,NA,2.728028954,3.201970342,1.531478917,3.334594472
"545","GOLO",2,"8/11/2021",510,"imp","A",0,0,2.512,2.728028954,3.201970342,1.531478917,3.334594472
"546","GOLO",2,"8/11/2021",511,"imp",NA,NA,NA,NA,2.728028954,3.201970342,1.531478917,3.334594472
"547","GOLO",2,"8/11/2021",512,"imp",NA,NA,NA,NA,2.728028954,3.201970342,1.531478917,3.334594472
"548","GOLO",2,"8/11/2021",513,"imp",NA,NA,NA,NA,2.728028954,3.201970342,1.531478917,3.334594472
"549","GOLO",2,"8/11/2021",514,"imp","A",0,0,2.319,2.728028954,3.201970342,1.531478917,3.334594472
"550","GOLO",2,"8/11/2021",515,"imp","A",0,0,NA,2.728028954,3.201970342,1.531478917,3.334594472
"551","GOLO",2,"8/11/2021",516,"imp","A",0,0,NA,2.728028954,3.201970342,1.531478917,3.334594472
"552","GOLO",2,"8/11/2021",517,"imp","P",7,0.84509804,2.52,2.728028954,3.201970342,1.531478917,3.334594472
"553","GOLO",2,"8/11/2021",518,"imp",NA,NA,NA,NA,2.728028954,3.201970342,1.531478917,3.334594472
"554","GOLO",2,"8/11/2021",519,"imp","P",37,1.568201724,2.213,2.728028954,3.201970342,1.531478917,3.334594472
"555","GOLO",2,"8/11/2021",520,"imp",NA,NA,NA,NA,2.728028954,3.201970342,1.531478917,3.334594472
"556","GOLO",2,"8/11/2021",521,"imp","P",31,1.491361694,2.958,2.728028954,3.201970342,1.531478917,3.334594472
"557","GOLO",2,"8/11/2021",522,"imp","A",0,0,2.785,2.728028954,3.201970342,1.531478917,3.334594472
"558","GOLO",2,"8/11/2021",523,"imp","P",7,0.84509804,2.772,2.728028954,3.201970342,1.531478917,3.334594472
"559","GOLO",2,"8/11/2021",524,"imp","P",32,1.505149978,2.772,2.728028954,3.201970342,1.531478917,3.334594472
"560","GOLO",2,"8/11/2021",525,"imp","P",83,1.919078092,2.495,2.728028954,3.201970342,1.531478917,3.334594472
"561","GOLO",2,"8/11/2021",526,"imp","P",9,0.954242509,2.676,2.728028954,3.201970342,1.531478917,3.334594472
"562","GOLO",2,"8/11/2021",527,"imp","P",396,2.597695186,2.935,2.728028954,3.201970342,1.531478917,3.334594472
"563","GOLO",2,"8/11/2021",528,"imp","A",0,0,2.708,2.728028954,3.201970342,1.531478917,3.334594472
"564","GOLO",2,"8/11/2021",529,"imp","P",9,0.954242509,2.772,2.728028954,3.201970342,1.531478917,3.334594472
"565","GOLO",2,"8/11/2021",530,"imp","P",46,1.662757832,2.125,2.728028954,3.201970342,1.531478917,3.334594472
"566","GOLO",2,"8/11/2021",531,"imp","A",0,0,2.476,2.728028954,3.201970342,1.531478917,3.334594472
"567","LASA",2,"8/12/2021",532,"imp","P",1,0,2.293,4.167690084,3.756887029,2.46834733,4.316388121
"568","LASA",2,"8/12/2021",533,"imp","P",38,1.579783597,2.729,4.167690084,3.756887029,2.46834733,4.316388121
"569","LASA",2,"8/12/2021",534,"imp","A",0,0,3.093,4.167690084,3.756887029,2.46834733,4.316388121
"570","LASA",2,"8/12/2021",535,"imp","P",570,2.755874856,2.652,4.167690084,3.756887029,2.46834733,4.316388121
"571","LASA",2,"8/12/2021",536,"imp","A",0,0,2.694,4.167690084,3.756887029,2.46834733,4.316388121
"572","LASA",2,"8/12/2021",537,"imp","P",5,0.698970004,2.666,4.167690084,3.756887029,2.46834733,4.316388121
"573","LASA",2,"8/12/2021",538,"imp","P",1,0,2.833,4.167690084,3.756887029,2.46834733,4.316388121
"574","LASA",2,"8/12/2021",539,"imp","P",6,0.77815125,2.517,4.167690084,3.756887029,2.46834733,4.316388121
"575","LASA",2,"8/12/2021",540,"imp","A",0,0,2.793,4.167690084,3.756887029,2.46834733,4.316388121
"576","LASA",2,"8/12/2021",541,"imp","A",0,0,2.615,4.167690084,3.756887029,2.46834733,4.316388121
"577","LASA",2,"8/12/2021",542,"imp","P",1,0,2.19,4.167690084,3.756887029,2.46834733,4.316388121
"578","LASA",2,"8/12/2021",543,"imp","A",0,0,2.842,4.167690084,3.756887029,2.46834733,4.316388121
"579","LASA",2,"8/12/2021",544,"imp","P",18,1.255272505,2.854,4.167690084,3.756887029,2.46834733,4.316388121
"580","LASA",2,"8/12/2021",545,"imp","P",29,1.462397998,2.539,4.167690084,3.756887029,2.46834733,4.316388121
"581","LASA",2,"8/12/2021",546,"imp","A",0,0,2.658,4.167690084,3.756887029,2.46834733,4.316388121
"582","LASA",2,"8/12/2021",547,"imp","P",39,1.591064607,2.474,4.167690084,3.756887029,2.46834733,4.316388121
"583","LASA",2,"8/12/2021",548,"imp","P",91,1.959041392,2.918,4.167690084,3.756887029,2.46834733,4.316388121
"584","LASA",2,"8/12/2021",549,"imp","A",0,0,2.587,4.167690084,3.756887029,2.46834733,4.316388121
"585","LASA",2,"8/12/2021",550,"imp","P",3,0.477121255,2.588,4.167690084,3.756887029,2.46834733,4.316388121
"586","LASA",2,"8/12/2021",551,"imp","P",27,1.431363764,2.247,4.167690084,3.756887029,2.46834733,4.316388121
"587","LASA",2,"8/12/2021",552,"imp","P",6,0.77815125,2.519,4.167690084,3.756887029,2.46834733,4.316388121
"588","LASA",2,"8/12/2021",553,"imp","P",30,1.477121255,2.871,4.167690084,3.756887029,2.46834733,4.316388121
"589","LASA",2,"8/12/2021",554,"imp","A",0,0,2.408,4.167690084,3.756887029,2.46834733,4.316388121
"590","LASA",2,"8/12/2021",555,"imp","P",3,0.477121255,2.753,4.167690084,3.756887029,2.46834733,4.316388121
"591","LASA",2,"8/12/2021",556,"imp","P",114,2.056904851,2.687,4.167690084,3.756887029,2.46834733,4.316388121
"592","LASA",2,"8/12/2021",557,"imp","A",0,0,2.769,4.167690084,3.756887029,2.46834733,4.316388121
"593","LASA",2,"8/12/2021",558,"imp","P",6,0.77815125,2.649,4.167690084,3.756887029,2.46834733,4.316388121
"594","LASA",2,"8/12/2021",559,"imp","A",0,0,2.525,4.167690084,3.756887029,2.46834733,4.316388121
"595","LASA",2,"8/12/2021",560,"imp","P",1,0,2.123,4.167690084,3.756887029,2.46834733,4.316388121
"596","LASA",2,"8/12/2021",561,"imp","P",220,2.342422681,3.018,4.167690084,3.756887029,2.46834733,4.316388121
"597","LASA",2,"8/12/2021",562,"imp","P",6,0.77815125,2.411,4.167690084,3.756887029,2.46834733,4.316388121
"598","GOLO",2,"8/12/2021",563,"imp","P",40,1.602059991,2.012,2.728028954,3.201970342,1.531478917,3.334594472
"599","GOLO",2,"8/12/2021",564,"imp","P",39,1.591064607,2.392,2.728028954,3.201970342,1.531478917,3.334594472
"600","GOLO",2,"8/12/2021",565,"imp","P",34,1.531478917,2.663,2.728028954,3.201970342,1.531478917,3.334594472
"601","GOLO",2,"8/12/2021",566,"imp","P",84,1.924279286,2.728,2.728028954,3.201970342,1.531478917,3.334594472
"602","GOLO",2,"8/12/2021",567,"imp","P",363,2.559906625,2.715,2.728028954,3.201970342,1.531478917,3.334594472
"603","GOLO",2,"8/12/2021",568,"imp","A",0,0,2.195,2.728028954,3.201970342,1.531478917,3.334594472
"604","GOLO",2,"8/12/2021",569,"imp","P",1,0,2.171,2.728028954,3.201970342,1.531478917,3.334594472
"605","GOLO",2,"8/12/2021",570,"imp","A",0,0,NA,2.728028954,3.201970342,1.531478917,3.334594472
"606","GOLO",2,"8/12/2021",571,"imp","P",8,0.903089987,2.661,2.728028954,3.201970342,1.531478917,3.334594472
"607","GOLO",2,"8/12/2021",572,"imp",NA,NA,NA,NA,2.728028954,3.201970342,1.531478917,3.334594472
"608","GOLO",2,"8/12/2021",573,"imp",NA,NA,NA,NA,2.728028954,3.201970342,1.531478917,3.334594472
"609","GOLO",2,"8/12/2021",574,"imp","P",2,0.301029996,2.626,2.728028954,3.201970342,1.531478917,3.334594472
"610","GOLO",2,"8/12/2021",575,"imp","P",16,1.204119983,2.322,2.728028954,3.201970342,1.531478917,3.334594472
"611","GOLO",2,"8/12/2021",576,"imp",NA,NA,NA,NA,2.728028954,3.201970342,1.531478917,3.334594472
"612","GOLO",2,"8/12/2021",577,"imp","A",0,0,2.37,2.728028954,3.201970342,1.531478917,3.334594472
"613","GOLO",2,"8/12/2021",578,"imp","P",7,0.84509804,2.654,2.728028954,3.201970342,1.531478917,3.334594472
"614","GOLO",2,"8/12/2021",579,"imp",NA,NA,NA,NA,2.728028954,3.201970342,1.531478917,3.334594472
"615","GOLO",2,"8/12/2021",580,"imp","P",37,1.568201724,2.409,2.728028954,3.201970342,1.531478917,3.334594472
"616","GOLO",2,"8/12/2021",581,"imp","P",62,1.792391689,2.438,2.728028954,3.201970342,1.531478917,3.334594472
"617","GOLO",2,"8/12/2021",582,"imp",NA,NA,NA,NA,2.728028954,3.201970342,1.531478917,3.334594472
"618","GOLO",2,"8/12/2021",583,"imp","A",0,0,2.022,2.728028954,3.201970342,1.531478917,3.334594472
"619","GOLO",2,"8/12/2021",584,"imp","P",16,1.204119983,2.406,2.728028954,3.201970342,1.531478917,3.334594472
"620","GOLO",2,"8/12/2021",585,"imp","P",21,1.322219295,2.16,2.728028954,3.201970342,1.531478917,3.334594472
"621","SIMP",3,"8/16/2021",586,"imp","A",0,0,2.556,3.367639469,3.718350531,NA,3.878504661
"622","SIMP",3,"8/16/2021",587,"imp","P",1,0,2.401,3.367639469,3.718350531,NA,3.878504661
"623","SIMP",3,"8/16/2021",588,"imp","P",101,2.004321374,2.89,3.367639469,3.718350531,NA,3.878504661
"624","SIMP",3,"8/16/2021",589,"imp","P",1,0,2.847,3.367639469,3.718350531,NA,3.878504661
"625","SIMP",3,"8/16/2021",590,"imp","A",0,0,3.143,3.367639469,3.718350531,NA,3.878504661
"626","SIMP",3,"8/16/2021",591,"imp","A",0,0,2.61,3.367639469,3.718350531,NA,3.878504661
"627","SIMP",3,"8/16/2021",592,"imp","A",0,0,2.44,3.367639469,3.718350531,NA,3.878504661
"628","SIMP",3,"8/16/2021",593,"imp","A",0,0,2.122,3.367639469,3.718350531,NA,3.878504661
"629","SIMP",3,"8/16/2021",594,"imp","A",0,0,2.71,3.367639469,3.718350531,NA,3.878504661
"630","SIMP",3,"8/16/2021",595,"imp","A",0,0,2.119,3.367639469,3.718350531,NA,3.878504661
"631","SIMP",3,"8/16/2021",596,"imp","A",0,0,2.584,3.367639469,3.718350531,NA,3.878504661
"632","SIMP",3,"8/16/2021",597,"imp","A",0,0,2.555,3.367639469,3.718350531,NA,3.878504661
"633","SIMP",3,"8/16/2021",598,"imp","P",7,0.84509804,2.846,3.367639469,3.718350531,NA,3.878504661
"634","SIMP",3,"8/16/2021",599,"imp","A",0,0,NA,3.367639469,3.718350531,NA,3.878504661
"635","SIMP",3,"8/16/2021",600,"imp","A",0,0,2.614,3.367639469,3.718350531,NA,3.878504661
"636","SIMP",3,"8/16/2021",601,"imp","P",6,0.77815125,1.863,3.367639469,3.718350531,NA,3.878504661
"637","SIMP",3,"8/16/2021",602,"imp","P",103,2.012837225,2.883,3.367639469,3.718350531,NA,3.878504661
"638","SIMP",3,"8/16/2021",603,"imp","A",0,0,3.228,3.367639469,3.718350531,NA,3.878504661
"639","SIMP",3,"8/16/2021",604,"imp","A",0,0,2.57,3.367639469,3.718350531,NA,3.878504661
"640","SIMP",3,"8/16/2021",605,"imp","A",0,0,2.656,3.367639469,3.718350531,NA,3.878504661
"641","SIMP",3,"8/16/2021",606,"imp","A",0,0,2.219,3.367639469,3.718350531,NA,3.878504661
"642","SIMP",3,"8/16/2021",607,"imp","P",1,0,2.592,3.367639469,3.718350531,NA,3.878504661
"643","SIMP",3,"8/16/2021",608,"imp","P",1,0,2.138,3.367639469,3.718350531,NA,3.878504661
"644","SIMP",3,"8/16/2021",609,"imp","A",0,0,2.851,3.367639469,3.718350531,NA,3.878504661
"645","SIMP",3,"8/16/2021",610,"imp","A",0,0,2.423,3.367639469,3.718350531,NA,3.878504661
"646","SIMP",3,"8/16/2021",611,"imp","A",0,0,2.749,3.367639469,3.718350531,NA,3.878504661
"647","SIMP",3,"8/16/2021",612,"imp",NA,NA,NA,NA,3.367639469,3.718350531,NA,3.878504661
"648","SIMP",3,"8/16/2021",613,"imp","A",0,0,2.861,3.367639469,3.718350531,NA,3.878504661
"649","SIMP",3,"8/16/2021",614,"imp","A",0,0,3.023,3.367639469,3.718350531,NA,3.878504661
"650","SIMP",3,"8/16/2021",615,"imp","A",0,0,2.609,3.367639469,3.718350531,NA,3.878504661
"651","SIMP",3,"8/16/2021",616,"imp","A",0,0,2.775,3.367639469,3.718350531,NA,3.878504661
"652","SIMP",3,"8/16/2021",617,"imp","P",2,0.301029996,2.939,3.367639469,3.718350531,NA,3.878504661
"653","SIMP",3,"8/16/2021",618,"imp","A",0,0,2.503,3.367639469,3.718350531,NA,3.878504661
"654","SIMP",3,"8/16/2021",619,"imp","P",11,1.041392685,2.411,3.367639469,3.718350531,NA,3.878504661
"655","SIMP",3,"8/16/2021",620,"imp","A",0,0,2.566,3.367639469,3.718350531,NA,3.878504661
"656","SIMP",3,"8/16/2021",621,"imp","A",0,0,2.336,3.367639469,3.718350531,NA,3.878504661
"657","SIMP",3,"8/16/2021",622,"imp","A",0,0,2.614,3.367639469,3.718350531,NA,3.878504661
"658","SIMP",3,"8/16/2021",623,"imp","P",61,1.785329835,2.396,3.367639469,3.718350531,NA,3.878504661
"659","SIMP",3,"8/16/2021",624,"imp","A",0,0,2.747,3.367639469,3.718350531,NA,3.878504661
"660","SIMP",3,"8/16/2021",625,"imp","A",0,0,2.527,3.367639469,3.718350531,NA,3.878504661
"661","SIMP",3,"8/16/2021",626,"imp","A",0,0,2.712,3.367639469,3.718350531,NA,3.878504661
"662","SIMP",3,"8/16/2021",627,"imp","A",0,0,2.236,3.367639469,3.718350531,NA,3.878504661
"663","SIMP",3,"8/16/2021",628,"imp",NA,NA,NA,NA,3.367639469,3.718350531,NA,3.878504661
"664","SIMP",3,"8/16/2021",629,"imp","P",78,1.892094603,1.884,3.367639469,3.718350531,NA,3.878504661
"665","LAUR",3,"8/17/2021",630,"imp","P",30,1.477121255,2.461,4.37241936,5.047019211,NA,5.130358304
"666","LAUR",3,"8/17/2021",631,"imp","A",0,0,2.412,4.37241936,5.047019211,NA,5.130358304
"667","LAUR",3,"8/17/2021",632,"imp","P",4,0.602059991,2.56,4.37241936,5.047019211,NA,5.130358304
"668","LAUR",3,"8/17/2021",633,"imp","P",78,1.892094603,2.571,4.37241936,5.047019211,NA,5.130358304
"669","LAUR",3,"8/17/2021",634,"imp","A",0,0,2.442,4.37241936,5.047019211,NA,5.130358304
"670","LAUR",3,"8/17/2021",635,"imp",NA,NA,NA,NA,4.37241936,5.047019211,NA,5.130358304
"671","LAUR",3,"8/17/2021",636,"gris","P",97,1.986771734,NA,4.37241936,5.047019211,NA,5.130358304
"672","LAUR",3,"8/17/2021",637,"gris","P",278,2.444044796,3.151242,4.37241936,5.047019211,NA,5.130358304
"673","LAUR",3,"8/17/2021",638,"imp","P",10,1,2.869,4.37241936,5.047019211,NA,5.130358304
"674","LAUR",3,"8/17/2021",639,"gris","P",129,2.11058971,NA,4.37241936,5.047019211,NA,5.130358304
"675","LAUR",3,"8/17/2021",640,"gris","P",166,2.220108088,3.071662,4.37241936,5.047019211,NA,5.130358304
"676","LAUR",3,"8/17/2021",641,"gris","P",228,2.357934847,3.032,4.37241936,5.047019211,NA,5.130358304
"677","LAUR",3,"8/17/2021",642,"imp","A",0,0,3.002,4.37241936,5.047019211,NA,5.130358304
"678","LAUR",3,"8/17/2021",643,"gris","P",165,2.217483944,3.151242,4.37241936,5.047019211,NA,5.130358304
"679","LAUR",3,"8/17/2021",644,"imp","P",7,0.84509804,2.28,4.37241936,5.047019211,NA,5.130358304
"680","LAUR",3,"8/17/2021",645,"bimac","P",428,2.631443769,2.649888,4.37241936,5.047019211,NA,5.130358304
"681","LAUR",3,"8/17/2021",646,"gris",NA,NA,NA,NA,4.37241936,5.047019211,NA,5.130358304
"682","LAUR",3,"8/17/2021",647,"imp","P",65,1.812913357,2.555,4.37241936,5.047019211,NA,5.130358304
"683","LAUR",3,"8/17/2021",648,"imp","A",0,0,2.38,4.37241936,5.047019211,NA,5.130358304
"684","LAUR",3,"8/17/2021",649,"imp","A",0,0,2.553,4.37241936,5.047019211,NA,5.130358304
"685","LAUR",3,"8/17/2021",650,"imp","A",0,0,2.873,4.37241936,5.047019211,NA,5.130358304
"686","LAUR",3,"8/17/2021",651,"imp","A",0,0,2.279,4.37241936,5.047019211,NA,5.130358304
"687","LAUR",3,"8/17/2021",652,"imp","P",41,1.612783857,3.045,4.37241936,5.047019211,NA,5.130358304
"688","LAUR",3,"8/17/2021",653,"imp","A",0,0,2.885,4.37241936,5.047019211,NA,5.130358304
"689","LAUR",3,"8/17/2021",654,"imp","A",0,0,2.481,4.37241936,5.047019211,NA,5.130358304
"690","LAUR",3,"8/17/2021",655,"imp","P",215,2.33243846,2.719,4.37241936,5.047019211,NA,5.130358304
"691","LAUR",3,"8/17/2021",656,"imp",NA,NA,NA,NA,4.37241936,5.047019211,NA,5.130358304
"692","LAUR",3,"8/17/2021",657,"imp","P",8,0.903089987,2.758,4.37241936,5.047019211,NA,5.130358304
"693","LAUR",3,"8/17/2021",658,"imp","A",0,0,2.756,4.37241936,5.047019211,NA,5.130358304
"694","LAUR",3,"8/17/2021",659,"imp","A",0,0,2.562,4.37241936,5.047019211,NA,5.130358304
"695","LAUR",3,"8/17/2021",660,"imp","A",0,0,2.799,4.37241936,5.047019211,NA,5.130358304
"696","LAUR",3,"8/17/2021",661,"imp","A",0,0,2.774,4.37241936,5.047019211,NA,5.130358304
"697","LAUR",3,"8/17/2021",662,"imp","A",0,0,2.841,4.37241936,5.047019211,NA,5.130358304
"698","LAUR",3,"8/17/2021",663,"imp","A",0,0,2.952,4.37241936,5.047019211,NA,5.130358304
"699","LAUR",3,"8/17/2021",664,"imp","A",0,0,2.664,4.37241936,5.047019211,NA,5.130358304
"700","LAUR",3,"8/17/2021",665,"imp","A",0,0,2.984,4.37241936,5.047019211,NA,5.130358304
"701","LAUR",3,"8/17/2021",666,"imp","A",0,0,2.7613,4.37241936,5.047019211,NA,5.130358304
"702","LAUR",3,"8/17/2021",667,"imp",NA,NA,NA,NA,4.37241936,5.047019211,NA,5.130358304
"703","LAUR",3,"8/17/2021",668,"imp","A",0,0,2.431,4.37241936,5.047019211,NA,5.130358304
"704","LAUR",3,"8/17/2021",669,"imp","A",0,0,2.31,4.37241936,5.047019211,NA,5.130358304
"705","LAUR",3,"8/17/2021",670,"imp","A",0,0,2.779,4.37241936,5.047019211,NA,5.130358304
"706","LAUR",3,"8/17/2021",671,"imp","A",0,0,2.891,4.37241936,5.047019211,NA,5.130358304
"707","LAUR",3,"8/17/2021",672,"imp","A",0,0,2.395,4.37241936,5.047019211,NA,5.130358304
"708","LAUR",3,"8/17/2021",673,"imp","A",0,0,2.43,4.37241936,5.047019211,NA,5.130358304
"709","LAUR",3,"8/17/2021",674,"imp","A",0,0,NA,4.37241936,5.047019211,NA,5.130358304
"710","LAUR",3,"8/17/2021",675,"imp","P",92,1.963787827,2.744,4.37241936,5.047019211,NA,5.130358304
"711","LAUR",3,"8/17/2021",676,"imp","P",63,1.799340549,2.482,4.37241936,5.047019211,NA,5.130358304
"712","LAUR",3,"8/17/2021",677,"imp","A",0,0,2.637,4.37241936,5.047019211,NA,5.130358304
"713","LAUR",3,"8/17/2021",678,"imp","A",0,0,2.694,4.37241936,5.047019211,NA,5.130358304
"714","GOLO",3,"8/18/2021",679,"imp","P",26,1.414973348,2.407,2.547774705,3.366703057,1.799340549,3.438146636
"715","GOLO",3,"8/18/2021",680,"imp","P",25,1.397940009,2.15,2.547774705,3.366703057,1.799340549,3.438146636
"716","GOLO",3,"8/18/2021",681,"imp","P",2,0.301029996,2.935,2.547774705,3.366703057,1.799340549,3.438146636
"717","GOLO",3,"8/18/2021",682,"vagans","A",0,0,2.73,2.547774705,3.366703057,1.799340549,3.438146636
"718","GOLO",3,"8/18/2021",683,"imp","A",0,0,2.957,2.547774705,3.366703057,1.799340549,3.438146636
"719","GOLO",3,"8/18/2021",684,"imp","P",19,1.278753601,2.358,2.547774705,3.366703057,1.799340549,3.438146636
"720","GOLO",3,"8/18/2021",685,"imp","A",0,0,1.984,2.547774705,3.366703057,1.799340549,3.438146636
"721","GOLO",3,"8/18/2021",686,"imp","A",0,0,2.85,2.547774705,3.366703057,1.799340549,3.438146636
"722","GOLO",3,"8/18/2021",687,"imp","A",0,0,2.531,2.547774705,3.366703057,1.799340549,3.438146636
"723","GOLO",3,"8/18/2021",688,"vagans","A",0,0,2.418,2.547774705,3.366703057,1.799340549,3.438146636
"724","GOLO",3,"8/18/2021",689,"imp","P",23,1.361727836,2.183,2.547774705,3.366703057,1.799340549,3.438146636
"725","GOLO",3,"8/18/2021",690,"imp","P",53,1.72427587,3.023,2.547774705,3.366703057,1.799340549,3.438146636
"726","GOLO",3,"8/18/2021",691,"imp","P",23,1.361727836,2.664,2.547774705,3.366703057,1.799340549,3.438146636
"727","GOLO",3,"8/18/2021",692,"imp","A",0,0,2.618,2.547774705,3.366703057,1.799340549,3.438146636
"728","GOLO",3,"8/18/2021",693,"imp","A",0,0,2.911,2.547774705,3.366703057,1.799340549,3.438146636
"729","GOLO",3,"8/18/2021",694,"imp","P",1,0,2.303,2.547774705,3.366703057,1.799340549,3.438146636
"730","GOLO",3,"8/18/2021",695,"imp","P",3,0.477121255,2.241,2.547774705,3.366703057,1.799340549,3.438146636
"731","GOLO",3,"8/18/2021",696,"imp","P",49,1.69019608,2.627,2.547774705,3.366703057,1.799340549,3.438146636
"732","GOLO",3,"8/18/2021",697,"imp","A",0,0,2.554,2.547774705,3.366703057,1.799340549,3.438146636
"733","GOLO",3,"8/18/2021",698,"imp","P",62,1.792391689,2.766,2.547774705,3.366703057,1.799340549,3.438146636
"734","GOLO",3,"8/18/2021",699,"imp","A",0,0,2.895,2.547774705,3.366703057,1.799340549,3.438146636
"735","GOLO",3,"8/18/2021",700,"imp","A",0,0,2.161,2.547774705,3.366703057,1.799340549,3.438146636
"736","GOLO",3,"8/18/2021",701,"vagans","A",0,0,2.129,2.547774705,3.366703057,1.799340549,3.438146636
"737","GOLO",3,"8/18/2021",702,"imp","P",7,0.84509804,2.983,2.547774705,3.366703057,1.799340549,3.438146636
"738","GOLO",3,"8/18/2021",703,"imp","A",0,0,2.774,2.547774705,3.366703057,1.799340549,3.438146636
"739","GOLO",3,"8/18/2021",704,"imp","A",0,0,2.392,2.547774705,3.366703057,1.799340549,3.438146636
"740","GOLO",3,"8/18/2021",705,"imp","A",0,0,2.882,2.547774705,3.366703057,1.799340549,3.438146636
"741","GOLO",3,"8/18/2021",706,"imp","A",0,0,2.902,2.547774705,3.366703057,1.799340549,3.438146636
"742","GOLO",3,"8/18/2021",707,"imp","A",0,0,2.665,2.547774705,3.366703057,1.799340549,3.438146636
"743","GOLO",3,"8/18/2021",708,"imp","P",66,1.819543936,2.558,2.547774705,3.366703057,1.799340549,3.438146636
"744","GOLO",3,"8/18/2021",709,"imp",NA,NA,NA,NA,2.547774705,3.366703057,1.799340549,3.438146636
"745","GOLO",3,"8/18/2021",710,"imp","A",0,0,2.571,2.547774705,3.366703057,1.799340549,3.438146636
"746","GOLO",3,"8/18/2021",711,"imp","A",0,0,2.654,2.547774705,3.366703057,1.799340549,3.438146636
"747","GOLO",3,"8/18/2021",712,"imp","P",1,0,2.675,2.547774705,3.366703057,1.799340549,3.438146636
"748","GOLO",3,"8/18/2021",713,"imp","P",23,1.361727836,2.432,2.547774705,3.366703057,1.799340549,3.438146636
"749","GOLO",3,"8/18/2021",714,"imp",NA,NA,NA,NA,2.547774705,3.366703057,1.799340549,3.438146636
"750","GOLO",3,"8/18/2021",715,"imp","P",48,1.681241237,2.807,2.547774705,3.366703057,1.799340549,3.438146636
"751","GOLO",3,"8/18/2021",716,"imp",NA,NA,NA,NA,2.547774705,3.366703057,1.799340549,3.438146636
"752","GOLO",3,"8/18/2021",717,"imp","P",30,1.477121255,2.426,2.547774705,3.366703057,1.799340549,3.438146636
"753","GOLO",3,"8/18/2021",718,NA,"P",35,1.544068044,3.684,2.547774705,3.366703057,1.799340549,3.438146636
"754","GOLO",3,"8/18/2021",719,"imp","A",0,0,2.735,2.547774705,3.366703057,1.799340549,3.438146636
"755","LASA",3,"8/19/2021",720,"imp","A",0,0,2.607,3.977449227,3.328522306,2.43055877,4.075335237
"756","LASA",3,"8/19/2021",721,"imp","P",71,1.851258349,2.175,3.977449227,3.328522306,2.43055877,4.075335237
"757","LASA",3,"8/19/2021",722,"imp","A",0,0,2.767,3.977449227,3.328522306,2.43055877,4.075335237
"758","LASA",3,"8/19/2021",723,"imp",NA,NA,NA,NA,3.977449227,3.328522306,2.43055877,4.075335237
"759","LASA",3,"8/19/2021",724,"imp",NA,NA,NA,NA,3.977449227,3.328522306,2.43055877,4.075335237
"760","LASA",3,"8/19/2021",725,"imp","P",4,0.602059991,2.84,3.977449227,3.328522306,2.43055877,4.075335237
"761","LASA",3,"8/19/2021",726,"imp","P",24,1.380211242,2.632,3.977449227,3.328522306,2.43055877,4.075335237
"762","LASA",3,"8/19/2021",727,"imp","A",0,0,2.104,3.977449227,3.328522306,2.43055877,4.075335237
"763","LASA",3,"8/19/2021",728,"imp","A",0,0,2.243,3.977449227,3.328522306,2.43055877,4.075335237
"764","LASA",3,"8/19/2021",729,"imp","P",15,1.176091259,2.711,3.977449227,3.328522306,2.43055877,4.075335237
"765","LASA",3,"8/19/2021",730,"imp","A",0,0,2.563,3.977449227,3.328522306,2.43055877,4.075335237
"766","LASA",3,"8/19/2021",731,"imp","P",23,1.361727836,NA,3.977449227,3.328522306,2.43055877,4.075335237
"767","LASA",3,"8/19/2021",732,"imp","A",0,0,2.365,3.977449227,3.328522306,2.43055877,4.075335237
"768","LASA",3,"8/19/2021",733,"imp","A",0,0,2.776,3.977449227,3.328522306,2.43055877,4.075335237
"769","LASA",3,"8/19/2021",734,"imp","P",74,1.86923172,2.787,3.977449227,3.328522306,2.43055877,4.075335237
"770","LASA",3,"8/19/2021",735,"imp","A",0,0,2.862,3.977449227,3.328522306,2.43055877,4.075335237
"771","LASA",3,"8/19/2021",736,"imp","A",0,0,2.9,3.977449227,3.328522306,2.43055877,4.075335237
"772","LASA",3,"8/19/2021",737,"imp","P",22,1.342422681,2.798,3.977449227,3.328522306,2.43055877,4.075335237
"773","LASA",3,"8/19/2021",738,"imp","A",0,0,2.362,3.977449227,3.328522306,2.43055877,4.075335237
"774","LASA",3,"8/19/2021",739,"imp","P",200,2.301029996,2.802,3.977449227,3.328522306,2.43055877,4.075335237
"775","LASA",3,"8/19/2021",740,"imp","A",0,0,2.52,3.977449227,3.328522306,2.43055877,4.075335237
"776","LASA",3,"8/19/2021",741,"imp","P",1,0,2.244,3.977449227,3.328522306,2.43055877,4.075335237
"777","LASA",3,"8/19/2021",742,"imp",NA,NA,NA,NA,3.977449227,3.328522306,2.43055877,4.075335237
"778","LASA",3,"8/19/2021",743,"imp","P",54,1.73239376,2.944,3.977449227,3.328522306,2.43055877,4.075335237
"779","LASA",3,"8/19/2021",744,"imp","A",0,0,2.674,3.977449227,3.328522306,2.43055877,4.075335237
"780","LASA",3,"8/19/2021",745,"imp","A",0,0,2.567,3.977449227,3.328522306,2.43055877,4.075335237
"781","LASA",3,"8/19/2021",746,"imp","A",0,0,2.404,3.977449227,3.328522306,2.43055877,4.075335237
"782","LASA",3,"8/19/2021",747,"imp","A",0,0,2.563,3.977449227,3.328522306,2.43055877,4.075335237
"783","LASA",3,"8/19/2021",748,"imp","A",0,0,NA,3.977449227,3.328522306,2.43055877,4.075335237
"784","LASA",3,"8/19/2021",749,"imp","P",23,1.361727836,2.376,3.977449227,3.328522306,2.43055877,4.075335237
"785","LASA",3,"8/19/2021",750,"imp","P",71,1.851258349,2.716,3.977449227,3.328522306,2.43055877,4.075335237
"786","LASA",3,"8/19/2021",751,"imp","A",0,0,3,3.977449227,3.328522306,2.43055877,4.075335237
"787","LASA",3,"8/19/2021",752,"imp","A",0,0,2.94,3.977449227,3.328522306,2.43055877,4.075335237
"788","LASA",3,"8/19/2021",753,"imp","A",0,0,2.873,3.977449227,3.328522306,2.43055877,4.075335237
"789","LASA",3,"8/19/2021",754,"imp","A",0,0,2.773,3.977449227,3.328522306,2.43055877,4.075335237
"790","LASA",3,"8/19/2021",755,"imp","A",0,0,2.485,3.977449227,3.328522306,2.43055877,4.075335237
"791","LASA",3,"8/19/2021",756,"vagans","P",87,1.939519253,2.809048,3.977449227,3.328522306,2.43055877,4.075335237
"792","LASA",3,"8/19/2021",757,"imp","P",64,1.806179974,2.77,3.977449227,3.328522306,2.43055877,4.075335237
"793","LASA",3,"8/19/2021",758,"imp","A",0,0,2.634,3.977449227,3.328522306,2.43055877,4.075335237
"794","LASA",3,"8/19/2021",759,"imp","P",4,0.602059991,2.75,3.977449227,3.328522306,2.43055877,4.075335237
"795","LASA",3,"8/19/2021",760,"imp","A",0,0,2.866,3.977449227,3.328522306,2.43055877,4.075335237
