"","farm","visit","Date.COLLECTED","j_date","bee_ID","sp","PA","crit_cnt","log10_cnt","Wing_MM","cut","border","sf","nsfcut","log.sum_ast_inflr"
"1","RCUT","1","7/14/2021",2021195,"1","bimac","A",0,0,3.1,3.929424035,4.327604114,0,3.929424035,4.473663572
"2","RCUT","1","7/14/2021",2021195,"2","bimac","A",0,0,2.29,3.929424035,4.327604114,0,3.929424035,4.473663572
"3","RCUT","1","7/14/2021",2021195,"3","imp","A",0,0,3.05,3.929424035,4.327604114,0,3.929424035,4.473663572
"4","RCUT","1","7/14/2021",2021195,"4","imp","P",1,0,2.67,3.929424035,4.327604114,0,3.929424035,4.473663572
"5","RCUT","1","7/14/2021",2021195,"5","imp","A",0,0,2.45,3.929424035,4.327604114,0,3.929424035,4.473663572
"6","RCUT","1","7/15/2021",2021196,"6","bimac","A",0,0,2.63,3.929424035,4.327604114,0,3.929424035,4.473663572
"7","RCUT","1","7/15/2021",2021196,"7","bimac","P",176,2.245512668,3.21,3.929424035,4.327604114,0,3.929424035,4.473663572
"8","RCUT","1","7/15/2021",2021196,"8","bimac","P",251,2.399673721,2.86,3.929424035,4.327604114,0,3.929424035,4.473663572
"9","RCUT","1","7/15/2021",2021196,"9","bimac","A",0,0,2.96,3.929424035,4.327604114,0,3.929424035,4.473663572
"10","RCUT","1","7/15/2021",2021196,"10","bimac","A",0,0,3.28,3.929424035,4.327604114,0,3.929424035,4.473663572
"11","RCUT","1","7/15/2021",2021196,"11","bimac","P",73,1.86332286,2.68,3.929424035,4.327604114,0,3.929424035,4.473663572
"12","RCUT","1","7/15/2021",2021196,"12","gris","A",0,0,2.912502,3.929424035,4.327604114,0,3.929424035,4.473663572
"13","RCUT","1","7/15/2021",2021196,"13","bimac","P",3,0.477121255,3.31,3.929424035,4.327604114,0,3.929424035,4.473663572
"14","RCUT","1","7/15/2021",2021196,"14","vagans","A",0,0,2.23,3.929424035,4.327604114,0,3.929424035,4.473663572
"15","RCUT","1","7/15/2021",2021196,"15","bimac","P",187,2.271841607,3.03,3.929424035,4.327604114,0,3.929424035,4.473663572
"16","RCUT","1","7/15/2021",2021196,"16","gris","A",0,0,3.445688,3.929424035,4.327604114,0,3.929424035,4.473663572
"17","RCUT","1","7/15/2021",2021196,"17","imp","A",0,0,2.5,3.929424035,4.327604114,0,3.929424035,4.473663572
"18","RCUT","1","7/15/2021",2021196,"18","bimac","P",180,2.255272505,3.127368,3.929424035,4.327604114,0,3.929424035,4.473663572
"19","RCUT","1","7/15/2021",2021196,"19","imp","A",0,0,NA,3.929424035,4.327604114,0,3.929424035,4.473663572
"20","RCUT","1","7/15/2021",2021196,"20","imp","A",0,0,2.61,3.929424035,4.327604114,0,3.929424035,4.473663572
"21","RCUT","1","7/15/2021",2021196,"21","vagans","P",8,0.903089987,2.41,3.929424035,4.327604114,0,3.929424035,4.473663572
"22","RCUT","1","7/15/2021",2021196,"22","gris",NA,NA,NA,NA,3.929424035,4.327604114,0,3.929424035,4.473663572
"23","RCUT","1","7/15/2021",2021196,"23","bimac","P",169,2.227886705,3.405898,3.929424035,4.327604114,0,3.929424035,4.473663572
"24","RCUT","1","7/15/2021",2021196,"24","gris","P",4,0.602059991,2.992082,3.929424035,4.327604114,0,3.929424035,4.473663572
"25","RCUT","1","7/15/2021",2021196,"25","gris","P",3,0.477121255,3.191032,3.929424035,4.327604114,0,3.929424035,4.473663572
"26","RCUT","1","7/15/2021",2021196,"26","imp","P",97,1.986771734,2.58,3.929424035,4.327604114,0,3.929424035,4.473663572
"27","RCUT","1","7/15/2021",2021196,"27","imp","A",0,0,1.97,3.929424035,4.327604114,0,3.929424035,4.473663572
"28","RCUT","1","7/15/2021",2021196,"28","bimac","P",72,1.857332496,2.58,3.929424035,4.327604114,0,3.929424035,4.473663572
"29","RCUT","1","7/15/2021",2021196,"29",NA,NA,NA,NA,NA,3.929424035,4.327604114,0,3.929424035,4.473663572
"30","RCUT","1","7/15/2021",2021196,"30","vagans","P",307,2.487138375,2.55,3.929424035,4.327604114,0,3.929424035,4.473663572
"31","RCUT","1","7/15/2021",2021196,"31","imp","A",0,0,NA,3.929424035,4.327604114,0,3.929424035,4.473663572
"32","RCUT","1","7/15/2021",2021196,"32","imp","A",0,0,2.48,3.929424035,4.327604114,0,3.929424035,4.473663572
"33","RCUT","1","7/15/2021",2021196,"33","vagans","A",0,0,2.56,3.929424035,4.327604114,0,3.929424035,4.473663572
"34","RCUT","1","7/15/2021",2021196,"34","bimac","P",3,0.477121255,2.928,3.929424035,4.327604114,0,3.929424035,4.473663572
"35","RCUT","1","7/15/2021",2021196,"35","imp","A",0,0,3.05,3.929424035,4.327604114,0,3.929424035,4.473663572
"36","RCUT","1","7/15/2021",2021196,"36","imp",NA,NA,NA,NA,3.929424035,4.327604114,0,3.929424035,4.473663572
"37","RCUT","1","7/15/2021",2021196,"37","imp",NA,NA,NA,NA,3.929424035,4.327604114,0,3.929424035,4.473663572
"38","RCUT","1","7/15/2021",2021196,"38","imp","P",125,2.096910013,2,3.929424035,4.327604114,0,3.929424035,4.473663572
"39","RCUT","1","7/15/2021",2021196,"39","gris","A",0,0,3.35,3.929424035,4.327604114,0,3.929424035,4.473663572
"40","RCUT","1","7/15/2021",2021196,"40","imp","A",0,0,2.25,3.929424035,4.327604114,0,3.929424035,4.473663572
"41","RCUT","1","7/15/2021",2021196,"41","bimac","P",140,2.146128036,2.507,3.929424035,4.327604114,0,3.929424035,4.473663572
"42","RCUT","1","7/15/2021",2021196,"42","bimac","P",4,0.602059991,2.68,3.929424035,4.327604114,0,3.929424035,4.473663572
"43","RCUT","1","7/15/2021",2021196,"43","vagans","P",2,0.301029996,2.485,3.929424035,4.327604114,0,3.929424035,4.473663572
"44","RCUT","1","7/15/2021",2021196,"44",NA,NA,NA,NA,NA,3.929424035,4.327604114,0,3.929424035,4.473663572
"45","RCON","1","7/15/2021",2021196,"45","bimac","A",0,0,2.471,0,2.598790507,0,0,2.598790507
"46","RCON","1","7/15/2021",2021196,"46",NA,NA,NA,NA,NA,0,2.598790507,0,0,2.598790507
"47","RCON","1","7/15/2021",2021196,"47","imp","A",0,0,2.672,0,2.598790507,0,0,2.598790507
"48","RCON","1","7/15/2021",2021196,"48","bimac","P",213,2.328379603,2.965,0,2.598790507,0,0,2.598790507
"49","RCON","1","7/15/2021",2021196,"49","gris","A",0,0,3.310402,0,2.598790507,0,0,2.598790507
"50","RCON","1","7/15/2021",2021196,"50","gris","P",140,2.146128036,3.047788,0,2.598790507,0,0,2.598790507
"51","RCON","1","7/15/2021",2021196,"51","bimac","A",0,0,2.635,0,2.598790507,0,0,2.598790507
"52","RCON","1","7/15/2021",2021196,"52","imp","A",0,0,2.626,0,2.598790507,0,0,2.598790507
"53","RCON","1","7/15/2021",2021196,"53","imp","A",0,0,2.564,0,2.598790507,0,0,2.598790507
"54","RCON","1","7/15/2021",2021196,"54",NA,NA,NA,NA,NA,0,2.598790507,0,0,2.598790507
"55","RCON","1","7/15/2021",2021196,"55","gris","A",0,0,2.745384,0,2.598790507,0,0,2.598790507
"56","RCON","1","7/15/2021",2021196,"56","gris","P",27,1.431363764,3.286528,0,2.598790507,0,0,2.598790507
"57","RCON","1","7/15/2021",2021196,"57",NA,NA,NA,NA,NA,0,2.598790507,0,0,2.598790507
"58","RCON","1","7/15/2021",2021196,"58","bimac","A",0,0,2.742,0,2.598790507,0,0,2.598790507
"59","RCON","1","7/15/2021",2021196,"59","bimac","P",42,1.62324929,1.787,0,2.598790507,0,0,2.598790507
"60","RCON","1","7/15/2021",2021196,"60","imp","P",178,2.250420002,2.786,0,2.598790507,0,0,2.598790507
"61","RCON","1","7/15/2021",2021196,"61","imp","A",0,0,2.327,0,2.598790507,0,0,2.598790507
"62","RCON","1","7/15/2021",2021196,"62","gris","A",0,0,3.246738,0,2.598790507,0,0,2.598790507
"63","RCON","1","7/15/2021",2021196,"63","imp","A",0,0,2.87,0,2.598790507,0,0,2.598790507
"64","RCON","1","7/15/2021",2021196,"64","imp","A",0,0,1.742,0,2.598790507,0,0,2.598790507
"65","RCON","1","7/15/2021",2021196,"65","bimac",NA,NA,NA,NA,0,2.598790507,0,0,2.598790507
"66","RCON","1","7/15/2021",2021196,"66",NA,NA,NA,NA,NA,0,2.598790507,0,0,2.598790507
"67","RCON","1","7/15/2021",2021196,"67","imp","A",0,0,2.682,0,2.598790507,0,0,2.598790507
"68","RCON","1","7/15/2021",2021196,"68","gris","P",114,2.056904851,3.525268,0,2.598790507,0,0,2.598790507
"69","RCON","1","7/15/2021",2021196,"69","imp","A",0,0,2.613,0,2.598790507,0,0,2.598790507
"70","RCON","1","7/15/2021",2021196,"70","bimac","A",0,0,2.713,0,2.598790507,0,0,2.598790507
"71","RCON","1","7/15/2021",2021196,"71","imp","P",137,2.136720567,3.031872,0,2.598790507,0,0,2.598790507
"72","RCON","1","7/15/2021",2021196,"72",NA,NA,NA,NA,NA,0,2.598790507,0,0,2.598790507
"73","RCON","1","7/15/2021",2021196,"73","bimac","P",401,2.603144373,2.834,0,2.598790507,0,0,2.598790507
"74","RCON","1","7/15/2021",2021196,"74","imp","A",0,0,2.713,0,2.598790507,0,0,2.598790507
"75","RCON","1","7/15/2021",2021196,"75","gris","P",1,0,3.175116,0,2.598790507,0,0,2.598790507
"76","RCON","1","7/15/2021",2021196,"76","gris","A",0,0,NA,0,2.598790507,0,0,2.598790507
"77","RCON","1","7/15/2021",2021196,"77","bimac","P",261,2.416640507,3.03,0,2.598790507,0,0,2.598790507
"78","RCON","1","7/15/2021",2021196,"78",NA,NA,NA,NA,NA,0,2.598790507,0,0,2.598790507
"79","SIMP","1","7/19/2021",2021200,"79","imp",NA,NA,NA,NA,2.915382245,2.843108142,2.23299611,2.814225392,3.181776915
"80","SIMP","1","7/19/2021",2021200,"80","imp","A",0,0,NA,2.915382245,2.843108142,2.23299611,2.814225392,3.181776915
"81","SIMP","1","7/19/2021",2021200,"81","imp","A",0,0,2.674,2.915382245,2.843108142,2.23299611,2.814225392,3.181776915
"82","SIMP","1","7/19/2021",2021200,"82","imp","A",0,0,2.987,2.915382245,2.843108142,2.23299611,2.814225392,3.181776915
"83","SIMP","1","7/19/2021",2021200,"83","imp","A",0,0,2.617,2.915382245,2.843108142,2.23299611,2.814225392,3.181776915
"84","SIMP","1","7/19/2021",2021200,"84","imp","A",0,0,NA,2.915382245,2.843108142,2.23299611,2.814225392,3.181776915
"85","SIMP","1","7/19/2021",2021200,"85","imp",NA,NA,NA,2.63,2.915382245,2.843108142,2.23299611,2.814225392,3.181776915
"86","SIMP","1","7/19/2021",2021200,"86","imp","A",0,0,2.35,2.915382245,2.843108142,2.23299611,2.814225392,3.181776915
"87","SIMP","1","7/19/2021",2021200,"87","imp","A",0,0,2.318,2.915382245,2.843108142,2.23299611,2.814225392,3.181776915
"88","SIMP","1","7/19/2021",2021200,"88","imp","A",0,0,2.425,2.915382245,2.843108142,2.23299611,2.814225392,3.181776915
"89","SIMP","1","7/19/2021",2021200,"89","imp","A",0,0,2.192,2.915382245,2.843108142,2.23299611,2.814225392,3.181776915
"90","SIMP","1","7/19/2021",2021200,"90","imp","P",83,1.919078092,2.77,2.915382245,2.843108142,2.23299611,2.814225392,3.181776915
"91","SIMP","1","7/19/2021",2021200,"91","imp","A",0,0,2.85,2.915382245,2.843108142,2.23299611,2.814225392,3.181776915
"92","SIMP","1","7/19/2021",2021200,"92","imp","A",0,0,2.519,2.915382245,2.843108142,2.23299611,2.814225392,3.181776915
"93","SIMP","1","7/19/2021",2021200,"93","imp","A",0,0,2.373,2.915382245,2.843108142,2.23299611,2.814225392,3.181776915
"94","SIMP","1","7/19/2021",2021200,"94","imp","A",0,0,2.559,2.915382245,2.843108142,2.23299611,2.814225392,3.181776915
"95","SIMP","1","7/19/2021",2021200,"95","imp",NA,NA,NA,NA,2.915382245,2.843108142,2.23299611,2.814225392,3.181776915
"96","SIMP","1","7/19/2021",2021200,"96","imp",NA,NA,NA,NA,2.915382245,2.843108142,2.23299611,2.814225392,3.181776915
"97","SIMP","1","7/19/2021",2021200,"97","imp","A",0,0,NA,2.915382245,2.843108142,2.23299611,2.814225392,3.181776915
"98","SIMP","1","7/19/2021",2021200,"98","imp","A",0,0,1.693,2.915382245,2.843108142,2.23299611,2.814225392,3.181776915
"99","SIMP","1","7/19/2021",2021200,"99","imp","A",0,0,2.136,2.915382245,2.843108142,2.23299611,2.814225392,3.181776915
"100","SIMP","1","7/19/2021",2021200,"100","imp","A",0,0,2.334,2.915382245,2.843108142,2.23299611,2.814225392,3.181776915
"101","SIMP","1","7/19/2021",2021200,"101","imp","A",0,0,2.782,2.915382245,2.843108142,2.23299611,2.814225392,3.181776915
"102","SIMP","1","7/19/2021",2021200,"102","imp","A",0,0,2.677,2.915382245,2.843108142,2.23299611,2.814225392,3.181776915
"103","SIMP","1","7/19/2021",2021200,"103","imp","A",0,0,2.411,2.915382245,2.843108142,2.23299611,2.814225392,3.181776915
"104","SIMP","1","7/19/2021",2021200,"104","imp",NA,NA,NA,NA,2.915382245,2.843108142,2.23299611,2.814225392,3.181776915
"105","SIMP","1","7/19/2021",2021200,"105","imp","A",0,0,2.748,2.915382245,2.843108142,2.23299611,2.814225392,3.181776915
"106","SIMP","1","7/19/2021",2021200,"106","imp","A",0,0,2.403,2.915382245,2.843108142,2.23299611,2.814225392,3.181776915
"107","SIMP","1","7/19/2021",2021200,"107","imp","A",0,0,2.681,2.915382245,2.843108142,2.23299611,2.814225392,3.181776915
"108","SIMP","1","7/19/2021",2021200,"108","imp","A",0,0,2.372,2.915382245,2.843108142,2.23299611,2.814225392,3.181776915
"109","SIMP","1","7/19/2021",2021200,"109","imp","A",0,0,2.634,2.915382245,2.843108142,2.23299611,2.814225392,3.181776915
"110","SIMP","1","7/19/2021",2021200,"110","imp","A",0,0,2.719,2.915382245,2.843108142,2.23299611,2.814225392,3.181776915
"111","SIMP","1","7/19/2021",2021200,"111","imp","A",0,0,2.491,2.915382245,2.843108142,2.23299611,2.814225392,3.181776915
"112","SIMP","1","7/19/2021",2021200,"112","imp","A",0,0,2.615,2.915382245,2.843108142,2.23299611,2.814225392,3.181776915
"113","SIMP","1","7/19/2021",2021200,"113","imp","A",0,0,2.25,2.915382245,2.843108142,2.23299611,2.814225392,3.181776915
"114","SIMP","1","7/19/2021",2021200,"114","imp","A",0,0,2.118,2.915382245,2.843108142,2.23299611,2.814225392,3.181776915
"115","SIMP","1","7/19/2021",2021200,"115","imp","A",0,0,2.543,2.915382245,2.843108142,2.23299611,2.814225392,3.181776915
"116","SIMP","1","7/19/2021",2021200,"116","imp",NA,NA,NA,2.784,2.915382245,2.843108142,2.23299611,2.814225392,3.181776915
"117","LAUR","1","7/20/2021",2021201,"117","imp","P",28,1.447158031,2.858,4.374707419,3.847880997,0,4.374707419,4.487742949
"118","LAUR","1","7/20/2021",2021201,"118","imp","A",0,0,2.804,4.374707419,3.847880997,0,4.374707419,4.487742949
"119","LAUR","1","7/20/2021",2021201,"119","vagans","A",0,0,2.331,4.374707419,3.847880997,0,4.374707419,4.487742949
"120","LAUR","1","7/20/2021",2021201,"120","imp","A",0,0,2.666,4.374707419,3.847880997,0,4.374707419,4.487742949
"121","LAUR","1","7/20/2021",2021201,"121","gris","A",0,0,3.071662,4.374707419,3.847880997,0,4.374707419,4.487742949
"122","LAUR","1","7/20/2021",2021201,"122","imp","A",0,0,2.868,4.374707419,3.847880997,0,4.374707419,4.487742949
"123","LAUR","1","7/20/2021",2021201,"123","vagans","P",2,0.301029996,2.27,4.374707419,3.847880997,0,4.374707419,4.487742949
"124","LAUR","1","7/20/2021",2021201,"124","imp","A",0,0,2.644,4.374707419,3.847880997,0,4.374707419,4.487742949
"125","LAUR","1","7/20/2021",2021201,"125","vagans","P",3,0.477121255,2.294,4.374707419,3.847880997,0,4.374707419,4.487742949
"126","LAUR","1","7/20/2021",2021201,"126","vagans","P",1,0,2.241,4.374707419,3.847880997,0,4.374707419,4.487742949
"127","LAUR","1","7/20/2021",2021201,"127","vagans","P",100,2,2.793132,4.374707419,3.847880997,0,4.374707419,4.487742949
"128","LAUR","1","7/20/2021",2021201,"128","imp","A",0,0,2.431,4.374707419,3.847880997,0,4.374707419,4.487742949
"129","LAUR","1","7/20/2021",2021201,"129","imp","A",0,0,2.281,4.374707419,3.847880997,0,4.374707419,4.487742949
"130","LAUR","1","7/20/2021",2021201,"130","vagans","P",10,1,2.60214,4.374707419,3.847880997,0,4.374707419,4.487742949
"131","LAUR","1","7/20/2021",2021201,"131","vagans","A",0,0,2.086,4.374707419,3.847880997,0,4.374707419,4.487742949
"132","LAUR","1","7/20/2021",2021201,"132","vagans","A",0,0,2.419,4.374707419,3.847880997,0,4.374707419,4.487742949
"133","LAUR","1","7/20/2021",2021201,"133","imp","P",45,1.653212514,2.629,4.374707419,3.847880997,0,4.374707419,4.487742949
"134","LAUR","1","7/20/2021",2021201,"134","vagans","A",0,0,2.384,4.374707419,3.847880997,0,4.374707419,4.487742949
"135","LAUR","1","7/20/2021",2021201,"135","vagans","P",50,1.698970004,2.60214,4.374707419,3.847880997,0,4.374707419,4.487742949
"136","LAUR","1","7/20/2021",2021201,"136","vagans","P",25,1.397940009,2.171,4.374707419,3.847880997,0,4.374707419,4.487742949
"137","LAUR","1","7/20/2021",2021201,"137","imp","A",0,0,2.874,4.374707419,3.847880997,0,4.374707419,4.487742949
"138","LAUR","1","7/20/2021",2021201,"138","vagans","A",0,0,2.283,4.374707419,3.847880997,0,4.374707419,4.487742949
"139","LAUR","1","7/20/2021",2021201,"139","vagans","P",1,0,2.56235,4.374707419,3.847880997,0,4.374707419,4.487742949
"140","LAUR","1","7/20/2021",2021201,"140","vagans","A",0,0,2.386,4.374707419,3.847880997,0,4.374707419,4.487742949
"141","LAUR","1","7/20/2021",2021201,"141","vagans","A",0,0,2.253,4.374707419,3.847880997,0,4.374707419,4.487742949
"142","LAUR","1","7/20/2021",2021201,"142","vagans","P",42,1.62324929,2.212,4.374707419,3.847880997,0,4.374707419,4.487742949
"143","LAUR","1","7/20/2021",2021201,"143","vagans","P",48,1.681241237,2.506644,4.374707419,3.847880997,0,4.374707419,4.487742949
"144","LAUR","1","7/20/2021",2021201,"144","gris","A",0,0,2.785174,4.374707419,3.847880997,0,4.374707419,4.487742949
"145","LAUR","1","7/20/2021",2021201,"145","vagans","P",26,1.414973348,2.45,4.374707419,3.847880997,0,4.374707419,4.487742949
"146","LAUR","1","7/20/2021",2021201,"146","vagans","A",0,0,2.426,4.374707419,3.847880997,0,4.374707419,4.487742949
"147","LAUR","1","7/20/2021",2021201,"147","vagans","A",0,0,2.219,4.374707419,3.847880997,0,4.374707419,4.487742949
"148","LAUR","1","7/20/2021",2021201,"148","vagans","P",190,2.278753601,2.562,4.374707419,3.847880997,0,4.374707419,4.487742949
"149","LAUR","1","7/20/2021",2021201,"149","vagans","A",0,0,2.502,4.374707419,3.847880997,0,4.374707419,4.487742949
"150","LAUR","1","7/20/2021",2021201,"150","vagans","P",44,1.643452676,NA,4.374707419,3.847880997,0,4.374707419,4.487742949
"151","LAUR","1","7/20/2021",2021201,"151","vagans","P",13,1.113943352,2.262,4.374707419,3.847880997,0,4.374707419,4.487742949
"152","LAUR","1","7/20/2021",2021201,"152","vagans","A",0,0,2.318,4.374707419,3.847880997,0,4.374707419,4.487742949
"153","LAUR","1","7/20/2021",2021201,"153","bimac","A",0,0,2.953,4.374707419,3.847880997,0,4.374707419,4.487742949
"154","LAUR","1","7/20/2021",2021201,"154","vagans","P",39,1.591064607,2.277,4.374707419,3.847880997,0,4.374707419,4.487742949
"155","LAUR","1","7/20/2021",2021201,"155","bimac","P",82,1.913813852,2.651,4.374707419,3.847880997,0,4.374707419,4.487742949
"156","LAUR","1","7/20/2021",2021201,"156","vagans",NA,NA,NA,NA,4.374707419,3.847880997,0,4.374707419,4.487742949
"157","LAUR","1","7/20/2021",2021201,"157","vagans","A",0,0,2.102,4.374707419,3.847880997,0,4.374707419,4.487742949
"158","LAUR","1","7/20/2021",2021201,"158","vagans","P",38,1.579783597,2.297,4.374707419,3.847880997,0,4.374707419,4.487742949
"159","LAUR","1","7/20/2021",2021201,"159","vagans","P",9,0.954242509,2.379316,4.374707419,3.847880997,0,4.374707419,4.487742949
"160","LAUR","1","7/20/2021",2021201,"160","imp",NA,NA,NA,NA,4.374707419,3.847880997,0,4.374707419,4.487742949
"161","LAUR","1","7/20/2021",2021201,"161","bimac","P",80,1.903089987,3.124,4.374707419,3.847880997,0,4.374707419,4.487742949
"162","LAUR","1","7/20/2021",2021201,"162","vagans","A",0,0,2.059,4.374707419,3.847880997,0,4.374707419,4.487742949
"163","LAUR","1","7/20/2021",2021201,"163","vagans","P",58,1.763427994,2.543,4.374707419,3.847880997,0,4.374707419,4.487742949
"164","LAUR","1","7/20/2021",2021201,"164","vagans","A",0,0,2.502,4.374707419,3.847880997,0,4.374707419,4.487742949
"165","LAUR","1","7/20/2021",2021201,"165","vagans","P",6,0.77815125,2.129,4.374707419,3.847880997,0,4.374707419,4.487742949
"166","LAUR","1","7/20/2021",2021201,"166","bimac","P",99,1.995635195,2.773,4.374707419,3.847880997,0,4.374707419,4.487742949
"167","LAUR","1","7/20/2021",2021201,"167","vagans","A",0,0,2.544,4.374707419,3.847880997,0,4.374707419,4.487742949
"168","LAUR","1","7/20/2021",2021201,"168","vagans","P",13,1.113943352,2.183,4.374707419,3.847880997,0,4.374707419,4.487742949
"169","LAUR","1","7/20/2021",2021201,"169","vagans","P",5,0.698970004,2.175,4.374707419,3.847880997,0,4.374707419,4.487742949
"170","LAUR","1","7/22/2021",2021203,"170","imp","A",0,0,1.977,4.374707419,3.847880997,0,4.374707419,4.487742949
"171","LAUR","1","7/22/2021",2021203,"171","imp","P",22,1.342422681,2.808,4.374707419,3.847880997,0,4.374707419,4.487742949
"172","LAUR","1","7/22/2021",2021203,"172","imp","A",0,0,2.774,4.374707419,3.847880997,0,4.374707419,4.487742949
"173","LAUR","1","7/22/2021",2021203,"173","gris","A",0,0,3.43,4.374707419,3.847880997,0,4.374707419,4.487742949
"174","LAUR","1","7/22/2021",2021203,"174","imp","A",0,0,2.587,4.374707419,3.847880997,0,4.374707419,4.487742949
"175","LAUR","1","7/22/2021",2021203,"175","bimac","A",0,0,3.7,4.374707419,3.847880997,0,4.374707419,4.487742949
"176","LAUR","1","7/22/2021",2021203,"176","imp","P",1,0,2.502,4.374707419,3.847880997,0,4.374707419,4.487742949
"177","LAUR","1","7/22/2021",2021203,"177","imp","A",0,0,2.939,4.374707419,3.847880997,0,4.374707419,4.487742949
"178","LAUR","1","7/22/2021",2021203,"178","gris",NA,NA,NA,NA,4.374707419,3.847880997,0,4.374707419,4.487742949
"179","LAUR","1","7/22/2021",2021203,"179","gris","P",142,2.152288344,3.23878,4.374707419,3.847880997,0,4.374707419,4.487742949
"180","LAUR","1","7/22/2021",2021203,"180","bimac",NA,NA,NA,NA,4.374707419,3.847880997,0,4.374707419,4.487742949
"181","LAUR","1","7/22/2021",2021203,"181","bimac","A",0,0,3.041,4.374707419,3.847880997,0,4.374707419,4.487742949
"182","LAUR","1","7/22/2021",2021203,"182","bimac","A",0,0,3.208,4.374707419,3.847880997,0,4.374707419,4.487742949
"183","LAUR","1","7/22/2021",2021203,"183","bimac","A",0,0,3.294486,4.374707419,3.847880997,0,4.374707419,4.487742949
"184","LAUR","1","7/22/2021",2021203,"184","gris","A",0,0,3.326318,4.374707419,3.847880997,0,4.374707419,4.487742949
"185","LAUR","1","7/22/2021",2021203,"185","imp","A",0,0,2.891,4.374707419,3.847880997,0,4.374707419,4.487742949
"186","LAUR","1","7/22/2021",2021203,"186","vagans","A",0,0,3.421814,4.374707419,3.847880997,0,4.374707419,4.487742949
"187","LAUR","1","7/22/2021",2021203,"187","gris","A",0,0,3.366108,4.374707419,3.847880997,0,4.374707419,4.487742949
"188","LAUR","1","7/22/2021",2021203,"188","imp","P",3,0.477121255,2.404,4.374707419,3.847880997,0,4.374707419,4.487742949
"189","LAUR","1","7/22/2021",2021203,"189","imp","A",0,0,2.277,4.374707419,3.847880997,0,4.374707419,4.487742949
"190","LAUR","1","7/22/2021",2021203,"190",NA,"A",0,0,3.67647,4.374707419,3.847880997,0,4.374707419,4.487742949
"191","LAUR","1","7/22/2021",2021203,"191","imp","P",9,0.954242509,2.906,4.374707419,3.847880997,0,4.374707419,4.487742949
"192","LAUR","1","7/22/2021",2021203,"192","bimac","P",150,2.176091259,2.953,4.374707419,3.847880997,0,4.374707419,4.487742949
"193","LAUR","1","7/22/2021",2021203,"193","imp","P",3,0.477121255,3.044,4.374707419,3.847880997,0,4.374707419,4.487742949
"194","LAUR","1","7/22/2021",2021203,"194","imp","P",53,1.72427587,2.717,4.374707419,3.847880997,0,4.374707419,4.487742949
"195","LAUR","1","7/22/2021",2021203,"195","imp","P",75,1.875061263,3.058,4.374707419,3.847880997,0,4.374707419,4.487742949
"196","LAUR","1","7/22/2021",2021203,"196","imp","A",0,0,2.825,4.374707419,3.847880997,0,4.374707419,4.487742949
"197","LAUR","1","7/22/2021",2021203,"197","imp","A",0,0,3.57,4.374707419,3.847880997,0,4.374707419,4.487742949
"198","LAUR","1","7/22/2021",2021203,"198","imp","A",0,0,2.511,4.374707419,3.847880997,0,4.374707419,4.487742949
"199","LAUR","1","7/22/2021",2021203,"199","imp","P",92,1.963787827,2.823,4.374707419,3.847880997,0,4.374707419,4.487742949
"200","LAUR","1","7/22/2021",2021203,"200","gris","P",45,1.653212514,3.214906,4.374707419,3.847880997,0,4.374707419,4.487742949
"201","LAUR","1","7/22/2021",2021203,"201","imp","P",53,1.72427587,2.765,4.374707419,3.847880997,0,4.374707419,4.487742949
"202","LAUR","1","7/22/2021",2021203,"202","imp","A",0,0,2.953,4.374707419,3.847880997,0,4.374707419,4.487742949
"203","LAUR","1","7/22/2021",2021203,"203","imp","A",0,0,2.531,4.374707419,3.847880997,0,4.374707419,4.487742949
"204","LAUR","1","7/22/2021",2021203,"204","imp","A",0,0,2.872,4.374707419,3.847880997,0,4.374707419,4.487742949
"205","LAUR","1","7/22/2021",2021203,"205","imp","A",0,0,2.911,4.374707419,3.847880997,0,4.374707419,4.487742949
"206","LAUR","1","7/22/2021",2021203,"206","imp",NA,NA,NA,NA,4.374707419,3.847880997,0,4.374707419,4.487742949
"207","LAUR","1","7/22/2021",2021203,"207","imp","A",0,0,2.823,4.374707419,3.847880997,0,4.374707419,4.487742949
"208","LAUR","1","7/22/2021",2021203,"208","imp","P",69,1.838849091,3.16,4.374707419,3.847880997,0,4.374707419,4.487742949
"209","LAUR","1","7/22/2021",2021203,"209","imp","P",15,1.176091259,2.508,4.374707419,3.847880997,0,4.374707419,4.487742949
"210","LAUR","1","7/22/2021",2021203,"210","imp","A",0,0,2.682,4.374707419,3.847880997,0,4.374707419,4.487742949
"211","LAUR","1","7/22/2021",2021203,"211","bimac","P",55,1.740362689,2.676,4.374707419,3.847880997,0,4.374707419,4.487742949
"212","GOLO","1","7/26/2021",2021207,"212","imp","P",1,0,2.653,3.024629314,2.605520523,1.397940009,3.014247444,3.164813677
"213","GOLO","1","7/26/2021",2021207,"213","imp","P",316,2.499687083,2.44,3.024629314,2.605520523,1.397940009,3.014247444,3.164813677
"214","GOLO","1","7/26/2021",2021207,"214","vagans","A",0,0,2.594182,3.024629314,2.605520523,1.397940009,3.014247444,3.164813677
"215","GOLO","1","7/26/2021",2021207,"215","vagans","A",0,0,2.231,3.024629314,2.605520523,1.397940009,3.014247444,3.164813677
"216","GOLO","1","7/26/2021",2021207,"216","imp","A",0,0,2.141,3.024629314,2.605520523,1.397940009,3.014247444,3.164813677
"217","GOLO","1","7/26/2021",2021207,"217","imp","A",0,0,3.069,3.024629314,2.605520523,1.397940009,3.014247444,3.164813677
"218","GOLO","1","7/26/2021",2021207,"218","imp","A",0,0,3.068,3.024629314,2.605520523,1.397940009,3.014247444,3.164813677
"219","GOLO","1","7/26/2021",2021207,"219","vagans",NA,NA,NA,NA,3.024629314,2.605520523,1.397940009,3.014247444,3.164813677
"220","GOLO","1","7/26/2021",2021207,"220","vagans","P",37,1.568201724,2.454,3.024629314,2.605520523,1.397940009,3.014247444,3.164813677
"221","GOLO","1","7/26/2021",2021207,"221","imp","A",0,0,3.078,3.024629314,2.605520523,1.397940009,3.014247444,3.164813677
"222","GOLO","1","7/26/2021",2021207,"222","vagans","P",2,0.301029996,2.303,3.024629314,2.605520523,1.397940009,3.014247444,3.164813677
"223","GOLO","1","7/26/2021",2021207,"223","gris","P",82,1.913813852,3.286528,3.024629314,2.605520523,1.397940009,3.014247444,3.164813677
"224","GOLO","1","7/26/2021",2021207,"224","imp","P",246,2.390935107,2.842,3.024629314,2.605520523,1.397940009,3.014247444,3.164813677
"225","GOLO","1","7/27/2021",2021208,"225","imp","A",0,0,2.648,3.024629314,2.605520523,1.397940009,3.014247444,3.164813677
"226","GOLO","1","7/27/2021",2021208,"226","imp","A",0,0,2.516,3.024629314,2.605520523,1.397940009,3.014247444,3.164813677
"227","GOLO","1","7/27/2021",2021208,"227","imp","A",0,0,2.337,3.024629314,2.605520523,1.397940009,3.014247444,3.164813677
"228","GOLO","1","7/27/2021",2021208,"228","imp","P",131,2.117271296,2.578,3.024629314,2.605520523,1.397940009,3.014247444,3.164813677
"229","GOLO","1","7/27/2021",2021208,"229","imp","P",31,1.491361694,2.63,3.024629314,2.605520523,1.397940009,3.014247444,3.164813677
"230","GOLO","1","7/27/2021",2021208,"230","imp","A",0,0,2.666,3.024629314,2.605520523,1.397940009,3.014247444,3.164813677
"231","GOLO","1","7/27/2021",2021208,"231","imp","P",25,1.397940009,2.514,3.024629314,2.605520523,1.397940009,3.014247444,3.164813677
"232","RCON","2","7/28/2021",2021209,"232","imp","A",0,0,2.442,0,2.946943271,0,0,2.946943271
"233","RCON","2","7/28/2021",2021209,"233","imp","P",119,2.075546961,2.453,0,2.946943271,0,0,2.946943271
"234","RCON","2","7/28/2021",2021209,"234","imp","A",0,0,2.576,0,2.946943271,0,0,2.946943271
"235","RCON","2","7/28/2021",2021209,"235","imp","A",0,0,2.153,0,2.946943271,0,0,2.946943271
"236","RCON","2","7/28/2021",2021209,"236","imp","P",5,0.698970004,2.074,0,2.946943271,0,0,2.946943271
"237","RCON","2","7/28/2021",2021209,"237","bimac","P",390,2.591064607,2.64193,0,2.946943271,0,0,2.946943271
"238","RCON","2","7/28/2021",2021209,"238","imp","P",1,0,2.088,0,2.946943271,0,0,2.946943271
"239","RCON","2","7/28/2021",2021209,"239","imp","P",6,0.77815125,2.358,0,2.946943271,0,0,2.946943271
"240","RCON","2","7/28/2021",2021209,"240","imp","A",0,0,2.647,0,2.946943271,0,0,2.946943271
"241","RCON","2","7/28/2021",2021209,"241","imp",NA,NA,NA,NA,0,2.946943271,0,0,2.946943271
"242","RCON","2","7/28/2021",2021209,"242","imp","P",99,1.995635195,1.894,0,2.946943271,0,0,2.946943271
"243","RCON","2","7/28/2021",2021209,"243","imp","A",0,0,2.943,0,2.946943271,0,0,2.946943271
"244","RCON","2","7/28/2021",2021209,"244","imp","P",31,1.491361694,2.209,0,2.946943271,0,0,2.946943271
"245","RCON","2","7/28/2021",2021209,"245","gris","A",0,0,3.31836,0,2.946943271,0,0,2.946943271
"246","RCON","2","7/28/2021",2021209,"246","imp","P",72,1.857332496,2.566,0,2.946943271,0,0,2.946943271
"247","RCON","2","7/28/2021",2021209,"247","imp","P",3,0.477121255,1.937,0,2.946943271,0,0,2.946943271
"248","RCON","2","7/28/2021",2021209,"248","imp","P",151,2.178976947,2.303,0,2.946943271,0,0,2.946943271
"249","RCON","2","7/28/2021",2021209,"249","imp","P",99,1.995635195,2.524,0,2.946943271,0,0,2.946943271
"250","RCON","2","7/28/2021",2021209,"250","imp","A",0,0,2.488,0,2.946943271,0,0,2.946943271
"251","RCON","2","7/28/2021",2021209,"251","imp",NA,NA,NA,NA,0,2.946943271,0,0,2.946943271
"252","RCON","2","7/28/2021",2021209,"252","imp","A",0,0,2.61,0,2.946943271,0,0,2.946943271
"253","RCON","2","7/28/2021",2021209,"253","imp","A",0,0,2.02,0,2.946943271,0,0,2.946943271
"254","RCON","2","7/28/2021",2021209,"254","imp","A",0,0,1.856,0,2.946943271,0,0,2.946943271
"255","RCON","2","7/28/2021",2021209,"255","imp","A",0,0,1.926,0,2.946943271,0,0,2.946943271
"256","RCON","2","7/28/2021",2021209,"256","imp","P",1,0,3.059,0,2.946943271,0,0,2.946943271
"257","RCON","2","7/28/2021",2021209,"257","bimac","P",28,1.447158031,2.169,0,2.946943271,0,0,2.946943271
"258","RCON","2","7/28/2021",2021209,"258","imp","P",66,1.819543936,2.197,0,2.946943271,0,0,2.946943271
"259","RCON","2","7/28/2021",2021209,"259","imp","P",17,1.230448921,1.892,0,2.946943271,0,0,2.946943271
"260","RCON","2","7/28/2021",2021209,"260","imp","P",8,0.903089987,2.138,0,2.946943271,0,0,2.946943271
"261","RCON","2","7/28/2021",2021209,"261","imp","A",0,0,1.849,0,2.946943271,0,0,2.946943271
"262","RCON","2","7/28/2021",2021209,"262","imp","A",0,0,2.031,0,2.946943271,0,0,2.946943271
"263","RCON","2","7/28/2021",2021209,"263","imp","A",0,0,2.308,0,2.946943271,0,0,2.946943271
"264","RCON","2","7/28/2021",2021209,"264","imp","P",8,0.903089987,2.077,0,2.946943271,0,0,2.946943271
"265","RCON","2","7/28/2021",2021209,"265","imp","A",0,0,2.084,0,2.946943271,0,0,2.946943271
"266","RCUT","2","7/28/2021",2021209,"266","imp","P",168,2.225309282,2.518,4.161122332,4.66733152,0,4.161122332,4.785178874
"267","RCUT","2","7/28/2021",2021209,"267","imp","A",0,0,2.391,4.161122332,4.66733152,0,4.161122332,4.785178874
"268","RCUT","2","7/28/2021",2021209,"268","bimac","P",268,2.428134794,2.218,4.161122332,4.66733152,0,4.161122332,4.785178874
"269","RCUT","2","7/28/2021",2021209,"269","imp","P",64,1.806179974,2.486,4.161122332,4.66733152,0,4.161122332,4.785178874
"270","RCUT","2","7/28/2021",2021209,"270","imp","P",166,2.220108088,2.105,4.161122332,4.66733152,0,4.161122332,4.785178874
"271","RCUT","2","7/28/2021",2021209,"271","imp","A",0,0,2.573,4.161122332,4.66733152,0,4.161122332,4.785178874
"272","RCUT","2","7/28/2021",2021209,"272","imp","P",140,2.146128036,2.736,4.161122332,4.66733152,0,4.161122332,4.785178874
"273","RCUT","2","7/28/2021",2021209,"273","imp",NA,NA,NA,NA,4.161122332,4.66733152,0,4.161122332,4.785178874
"274","RCUT","2","7/28/2021",2021209,"274","imp","P",72,1.857332496,2.087,4.161122332,4.66733152,0,4.161122332,4.785178874
"275","RCUT","2","7/28/2021",2021209,"275","imp","A",0,0,2.631,4.161122332,4.66733152,0,4.161122332,4.785178874
"276","RCUT","2","7/28/2021",2021209,"276","imp","P",79,1.897627091,2.849,4.161122332,4.66733152,0,4.161122332,4.785178874
"277","RCUT","2","7/28/2021",2021209,"277","imp","A",0,0,2.775,4.161122332,4.66733152,0,4.161122332,4.785178874
"278","RCUT","2","7/28/2021",2021209,"278","imp","P",182,2.260071388,2.438,4.161122332,4.66733152,0,4.161122332,4.785178874
"279","RCUT","2","7/28/2021",2021209,"279","gris","A",0,0,2.713552,4.161122332,4.66733152,0,4.161122332,4.785178874
"280","RCUT","2","7/28/2021",2021209,"280","imp","P",264,2.421603927,3.14,4.161122332,4.66733152,0,4.161122332,4.785178874
"281","RCUT","2","7/28/2021",2021209,"281","imp",NA,NA,NA,NA,4.161122332,4.66733152,0,4.161122332,4.785178874
"282","RCUT","2","7/28/2021",2021209,"282","vagans","P",197,2.294466226,2.544,4.161122332,4.66733152,0,4.161122332,4.785178874
"283","RCUT","2","7/28/2021",2021209,"283","imp","P",3,0.477121255,3.121,4.161122332,4.66733152,0,4.161122332,4.785178874
"284","RCUT","2","7/28/2021",2021209,"284","imp","P",10,1,2.493,4.161122332,4.66733152,0,4.161122332,4.785178874
"285","RCUT","2","7/28/2021",2021209,"285","imp","P",3,0.477121255,2.678,4.161122332,4.66733152,0,4.161122332,4.785178874
"286","RCUT","2","7/28/2021",2021209,"286","gris","P",16,1.204119983,3.214906,4.161122332,4.66733152,0,4.161122332,4.785178874
"287","RCUT","2","7/28/2021",2021209,"287","bimac","P",109,2.037426498,2.71,4.161122332,4.66733152,0,4.161122332,4.785178874
"288","RCUT","2","7/28/2021",2021209,"288","bimac","P",42,1.62324929,2.957,4.161122332,4.66733152,0,4.161122332,4.785178874
"289","RCUT","2","7/28/2021",2021209,"289","imp","P",93,1.968482949,2.644,4.161122332,4.66733152,0,4.161122332,4.785178874
"290","RCUT","2","7/28/2021",2021209,"290","imp","P",33,1.51851394,2.632,4.161122332,4.66733152,0,4.161122332,4.785178874
"291","RCUT","2","7/28/2021",2021209,"291","imp","P",61,1.785329835,2.542,4.161122332,4.66733152,0,4.161122332,4.785178874
"292","RCUT","2","7/28/2021",2021209,"292","imp","A",0,0,2.296,4.161122332,4.66733152,0,4.161122332,4.785178874
"293","RCUT","2","7/28/2021",2021209,"293","imp","P",1,0,2.273,4.161122332,4.66733152,0,4.161122332,4.785178874
"294","RCUT","2","7/28/2021",2021209,"294","imp","P",68,1.832508913,2.49,4.161122332,4.66733152,0,4.161122332,4.785178874
"295","RCUT","2","7/28/2021",2021209,"295","imp","P",50,1.698970004,2.351,4.161122332,4.66733152,0,4.161122332,4.785178874
"296","RCUT","2","7/28/2021",2021209,"296","imp",NA,NA,NA,NA,4.161122332,4.66733152,0,4.161122332,4.785178874
"297","RCON","2","7/28/2021",2021209,"297","imp","P",110,2.041392685,2.56,0,2.946943271,0,0,2.946943271
"298","RCUT","2","7/28/2021",2021209,"298","imp","A",0,0,2.631,4.161122332,4.66733152,0,4.161122332,4.785178874
"299","LASA","1","8/3/2021",2021215,"299","imp","A",0,0,2.386,3.356542112,4.058615797,2.120573931,3.330555809,4.137281301
"300","LASA","1","8/3/2021",2021215,"300","imp","A",0,0,2.831,3.356542112,4.058615797,2.120573931,3.330555809,4.137281301
"301","LASA","1","8/3/2021",2021215,"301","imp","P",19,1.278753601,3.135,3.356542112,4.058615797,2.120573931,3.330555809,4.137281301
"302","LASA","1","8/3/2021",2021215,"302","imp","A",0,0,2.726,3.356542112,4.058615797,2.120573931,3.330555809,4.137281301
"303","LASA","1","8/3/2021",2021215,"303","imp","A",0,0,2.601,3.356542112,4.058615797,2.120573931,3.330555809,4.137281301
"304","LASA","1","8/3/2021",2021215,"304","imp","P",13,1.113943352,2.567,3.356542112,4.058615797,2.120573931,3.330555809,4.137281301
"305","LASA","1","8/3/2021",2021215,"305","imp","P",23,1.361727836,2.671,3.356542112,4.058615797,2.120573931,3.330555809,4.137281301
"306","LASA","1","8/3/2021",2021215,"306","imp","P",21,1.322219295,2.645,3.356542112,4.058615797,2.120573931,3.330555809,4.137281301
"307","LASA","1","8/3/2021",2021215,"307","imp",NA,NA,NA,NA,3.356542112,4.058615797,2.120573931,3.330555809,4.137281301
"308","LASA","1","8/3/2021",2021215,"308","imp","A",0,0,3.009,3.356542112,4.058615797,2.120573931,3.330555809,4.137281301
"309","LASA","1","8/3/2021",2021215,"309","imp","A",0,0,2.44,3.356542112,4.058615797,2.120573931,3.330555809,4.137281301
"310","LASA","1","8/3/2021",2021215,"310","imp","A",0,0,2.902,3.356542112,4.058615797,2.120573931,3.330555809,4.137281301
"311","LASA","1","8/3/2021",2021215,"311","imp","P",47,1.672097858,2.887,3.356542112,4.058615797,2.120573931,3.330555809,4.137281301
"312","LASA","1","8/3/2021",2021215,"312","imp","A",0,0,2.759,3.356542112,4.058615797,2.120573931,3.330555809,4.137281301
"313","LASA","1","8/3/2021",2021215,"313","bimac",NA,NA,NA,3.326318,3.356542112,4.058615797,2.120573931,3.330555809,4.137281301
"314","LASA","1","8/3/2021",2021215,"314","imp","P",49,1.69019608,2.98,3.356542112,4.058615797,2.120573931,3.330555809,4.137281301
"315","LASA","1","8/3/2021",2021215,"315","imp","P",29,1.462397998,2.755,3.356542112,4.058615797,2.120573931,3.330555809,4.137281301
"316","LASA","1","8/3/2021",2021215,"316","imp","A",0,0,2.73,3.356542112,4.058615797,2.120573931,3.330555809,4.137281301
"317","LASA","1","8/3/2021",2021215,"317","imp","A",0,0,2.82,3.356542112,4.058615797,2.120573931,3.330555809,4.137281301
"318","LASA","1","8/3/2021",2021215,"318","imp","P",160,2.204119983,2.798,3.356542112,4.058615797,2.120573931,3.330555809,4.137281301
"319","LASA","1","8/3/2021",2021215,"319","imp","A",0,0,2.267,3.356542112,4.058615797,2.120573931,3.330555809,4.137281301
"320","LASA","1","8/3/2021",2021215,"320","imp","P",131,2.117271296,2.801,3.356542112,4.058615797,2.120573931,3.330555809,4.137281301
"321","LASA","1","8/3/2021",2021215,"321","imp","P",8,0.903089987,2.809,3.356542112,4.058615797,2.120573931,3.330555809,4.137281301
"322","LASA","1","8/3/2021",2021215,"322","imp","A",0,0,2.901,3.356542112,4.058615797,2.120573931,3.330555809,4.137281301
"323","LASA","1","8/3/2021",2021215,"323","imp","A",0,0,2.721,3.356542112,4.058615797,2.120573931,3.330555809,4.137281301
"324","LASA","1","8/3/2021",2021215,"324","imp",NA,NA,NA,NA,3.356542112,4.058615797,2.120573931,3.330555809,4.137281301
"325","LASA","1","8/3/2021",2021215,"325","imp","A",0,0,2.576,3.356542112,4.058615797,2.120573931,3.330555809,4.137281301
"326","LASA","1","8/3/2021",2021215,"326","imp","P",19,1.278753601,2.057,3.356542112,4.058615797,2.120573931,3.330555809,4.137281301
"327","SIMP","2","8/4/2021",2021216,"327","imp","P",128,2.10720997,2.541,3.452292562,3.19154821,0,3.452292562,3.642231762
"328","SIMP","2","8/4/2021",2021216,"328","imp","P",26,1.414973348,2.294,3.452292562,3.19154821,0,3.452292562,3.642231762
"329","SIMP","2","8/4/2021",2021216,"329","imp",NA,NA,NA,NA,3.452292562,3.19154821,0,3.452292562,3.642231762
"330","SIMP","2","8/4/2021",2021216,"330","imp","P",29,1.462397998,2.298,3.452292562,3.19154821,0,3.452292562,3.642231762
"331","SIMP","2","8/4/2021",2021216,"331","imp","P",18,1.255272505,2.832,3.452292562,3.19154821,0,3.452292562,3.642231762
"332","SIMP","2","8/4/2021",2021216,"332","imp","P",2,0.301029996,2.095,3.452292562,3.19154821,0,3.452292562,3.642231762
"333","SIMP","2","8/4/2021",2021216,"333","imp","A",0,0,2.914,3.452292562,3.19154821,0,3.452292562,3.642231762
"334","SIMP","2","8/4/2021",2021216,"334","imp","A",0,0,2.808,3.452292562,3.19154821,0,3.452292562,3.642231762
"335","SIMP","2","8/4/2021",2021216,"335","imp","A",0,0,2.788,3.452292562,3.19154821,0,3.452292562,3.642231762
"336","SIMP","2","8/4/2021",2021216,"336","imp","A",0,0,2.576,3.452292562,3.19154821,0,3.452292562,3.642231762
"337","SIMP","2","8/4/2021",2021216,"337","imp","A",0,0,2.753,3.452292562,3.19154821,0,3.452292562,3.642231762
"338","SIMP","2","8/4/2021",2021216,"338","imp","A",0,0,2.055,3.452292562,3.19154821,0,3.452292562,3.642231762
"339","SIMP","2","8/4/2021",2021216,"339","imp","A",0,0,2.587,3.452292562,3.19154821,0,3.452292562,3.642231762
"340","SIMP","2","8/4/2021",2021216,"340","imp",NA,NA,NA,NA,3.452292562,3.19154821,0,3.452292562,3.642231762
"341","SIMP","2","8/4/2021",2021216,"341","imp","P",1,0,2.465,3.452292562,3.19154821,0,3.452292562,3.642231762
"342","SIMP","2","8/4/2021",2021216,"342","imp","A",0,0,2.808,3.452292562,3.19154821,0,3.452292562,3.642231762
"343","SIMP","2","8/4/2021",2021216,"343","imp","A",0,0,2.453,3.452292562,3.19154821,0,3.452292562,3.642231762
"344","SIMP","2","8/4/2021",2021216,"344","imp","A",0,0,2.613,3.452292562,3.19154821,0,3.452292562,3.642231762
"345","SIMP","2","8/4/2021",2021216,"345","imp",NA,NA,NA,NA,3.452292562,3.19154821,0,3.452292562,3.642231762
"346","SIMP","2","8/4/2021",2021216,"346","imp","A",0,0,2.307,3.452292562,3.19154821,0,3.452292562,3.642231762
"347","SIMP","2","8/4/2021",2021216,"347","vagans","P",24,1.380211242,2.38,3.452292562,3.19154821,0,3.452292562,3.642231762
"348","SIMP","2","8/4/2021",2021216,"348","imp","A",0,0,2.322,3.452292562,3.19154821,0,3.452292562,3.642231762
"349","SIMP","2","8/4/2021",2021216,"349","imp","A",0,0,1.864,3.452292562,3.19154821,0,3.452292562,3.642231762
"350","SIMP","2","8/4/2021",2021216,"350","imp","A",0,0,2.69,3.452292562,3.19154821,0,3.452292562,3.642231762
"351","SIMP","2","8/4/2021",2021216,"351","imp","A",0,0,2.674,3.452292562,3.19154821,0,3.452292562,3.642231762
"352","SIMP","2","8/4/2021",2021216,"352","imp","P",7,0.84509804,2.617,3.452292562,3.19154821,0,3.452292562,3.642231762
"353","SIMP","2","8/4/2021",2021216,"353","imp","A",0,0,2.545,3.452292562,3.19154821,0,3.452292562,3.642231762
"354","SIMP","2","8/4/2021",2021216,"354","imp","A",0,0,2.784,3.452292562,3.19154821,0,3.452292562,3.642231762
"355","SIMP","2","8/4/2021",2021216,"355","imp","A",0,0,2.042,3.452292562,3.19154821,0,3.452292562,3.642231762
"356","SIMP","2","8/4/2021",2021216,"356","imp","A",0,0,1.95,3.452292562,3.19154821,0,3.452292562,3.642231762
"357","SIMP","2","8/4/2021",2021216,"357","imp",NA,NA,NA,2.819,3.452292562,3.19154821,0,3.452292562,3.642231762
"358","SIMP","2","8/4/2021",2021216,"358","imp","A",0,0,2.716,3.452292562,3.19154821,0,3.452292562,3.642231762
"359","SIMP","2","8/4/2021",2021216,"359","imp","A",0,0,2.71,3.452292562,3.19154821,0,3.452292562,3.642231762
"360","SIMP","2","8/4/2021",2021216,"360","imp","P",1,0,2.935,3.452292562,3.19154821,0,3.452292562,3.642231762
"361","SIMP","2","8/4/2021",2021216,"361","imp",NA,NA,NA,NA,3.452292562,3.19154821,0,3.452292562,3.642231762
"362","SIMP","2","8/4/2021",2021216,"362","imp","A",0,0,2.398,3.452292562,3.19154821,0,3.452292562,3.642231762
"363","SIMP","2","8/4/2021",2021216,"363","imp","P",68,1.832508913,NA,3.452292562,3.19154821,0,3.452292562,3.642231762
"364","SIMP","2","8/4/2021",2021216,"364","imp","A",0,0,2.011,3.452292562,3.19154821,0,3.452292562,3.642231762
"365","SIMP","2","8/4/2021",2021216,"365","imp","P",16,1.204119983,2.596,3.452292562,3.19154821,0,3.452292562,3.642231762
"366","SIMP","2","8/4/2021",2021216,"366","imp","A",0,0,2.246,3.452292562,3.19154821,0,3.452292562,3.642231762
"367","SIMP","2","8/4/2021",2021216,"367","imp","A",0,0,2.398,3.452292562,3.19154821,0,3.452292562,3.642231762
"368","SIMP","2","8/4/2021",2021216,"368","imp",NA,NA,NA,NA,3.452292562,3.19154821,0,3.452292562,3.642231762
"369","LAUR","2","8/5/2021",2021217,"369","bimac","P",18,1.255272505,3.764008,4.563667538,4.19634202,0,4.563667538,4.71876498
"370","LAUR","2","8/5/2021",2021217,"370","vagans","P",19,1.278753601,2.387274,4.563667538,4.19634202,0,4.563667538,4.71876498
"371","LAUR","2","8/5/2021",2021217,"371","vagans","P",8,0.903089987,2.44298,4.563667538,4.19634202,0,4.563667538,4.71876498
"372","LAUR","2","8/5/2021",2021217,"372","vagans","A",0,0,2.371358,4.563667538,4.19634202,0,4.563667538,4.71876498
"373","LAUR","2","8/5/2021",2021217,"373","vagans","P",34,1.531478917,2.944334,4.563667538,4.19634202,0,4.563667538,4.71876498
"374","LAUR","2","8/5/2021",2021217,"374","vagans","P",157,2.195899652,2.514602,4.563667538,4.19634202,0,4.563667538,4.71876498
"375","LAUR","2","8/5/2021",2021217,"375","vagans","P",125,2.096910013,2.072,4.563667538,4.19634202,0,4.563667538,4.71876498
"376","LAUR","2","8/5/2021",2021217,"376","vagans","A",0,0,2.610098,4.563667538,4.19634202,0,4.563667538,4.71876498
"377","LAUR","2","8/5/2021",2021217,"377","vagans","A",0,0,2.396,4.563667538,4.19634202,0,4.563667538,4.71876498
"378","LAUR","2","8/5/2021",2021217,"378","vagans","A",0,0,2.618056,4.563667538,4.19634202,0,4.563667538,4.71876498
"379","LAUR","2","8/5/2021",2021217,"379","vagans","P",20,1.301029996,2.777216,4.563667538,4.19634202,0,4.563667538,4.71876498
"380","LAUR","2","8/5/2021",2021217,"380","vagans","P",6,0.77815125,2.60214,4.563667538,4.19634202,0,4.563667538,4.71876498
"381","LAUR","2","8/5/2021",2021217,"381","gris","P",69,1.838849091,3.294486,4.563667538,4.19634202,0,4.563667538,4.71876498
"382","LAUR","2","8/5/2021",2021217,"382","bimac","A",0,0,3.51731,4.563667538,4.19634202,0,4.563667538,4.71876498
"383","LAUR","2","8/5/2021",2021217,"383","vagans",NA,NA,NA,NA,4.563667538,4.19634202,0,4.563667538,4.71876498
"384","LAUR","2","8/5/2021",2021217,"384",NA,"A",0,0,2.538476,4.563667538,4.19634202,0,4.563667538,4.71876498
"385","LAUR","2","8/5/2021",2021217,"385",NA,"A",0,0,2.395232,4.563667538,4.19634202,0,4.563667538,4.71876498
"386","LAUR","2","8/5/2021",2021217,"386","imp","P",282,2.450249108,2.530518,4.563667538,4.19634202,0,4.563667538,4.71876498
"387","LAUR","2","8/5/2021",2021217,"387","imp","P",82,1.913813852,2.570308,4.563667538,4.19634202,0,4.563667538,4.71876498
"388","LAUR","2","8/5/2021",2021217,"388","imp","A",0,0,2.347484,4.563667538,4.19634202,0,4.563667538,4.71876498
"389","LAUR","2","8/5/2021",2021217,"389","imp","A",0,0,2.20424,4.563667538,4.19634202,0,4.563667538,4.71876498
"390","LAUR","2","8/5/2021",2021217,"390","imp","A",0,0,2.331568,4.563667538,4.19634202,0,4.563667538,4.71876498
"391","LAUR","2","8/5/2021",2021217,"391","imp","P",3,0.477121255,2.220156,4.563667538,4.19634202,0,4.563667538,4.71876498
"392","LAUR","2","8/5/2021",2021217,"392","imp","P",2,0.301029996,2.842,4.563667538,4.19634202,0,4.563667538,4.71876498
"393","LAUR","2","8/5/2021",2021217,"393","imp","P",109,2.037426498,2.734,4.563667538,4.19634202,0,4.563667538,4.71876498
"394","LAUR","2","8/5/2021",2021217,"394","imp","A",0,0,2.583,4.563667538,4.19634202,0,4.563667538,4.71876498
"395","LAUR","2","8/5/2021",2021217,"395","imp","P",65,1.812913357,2.925,4.563667538,4.19634202,0,4.563667538,4.71876498
"396","LAUR","2","8/5/2021",2021217,"396","imp","P",86,1.934498451,2.654,4.563667538,4.19634202,0,4.563667538,4.71876498
"397","LAUR","2","8/5/2021",2021217,"397","imp",NA,NA,NA,NA,4.563667538,4.19634202,0,4.563667538,4.71876498
"398","LAUR","2","8/5/2021",2021217,"398","imp","P",58,1.763427994,NA,4.563667538,4.19634202,0,4.563667538,4.71876498
"399","LAUR","2","8/5/2021",2021217,"399","imp","A",0,0,2.368,4.563667538,4.19634202,0,4.563667538,4.71876498
"400","LAUR","2","8/5/2021",2021217,"400","imp","P",31,1.491361694,2.767,4.563667538,4.19634202,0,4.563667538,4.71876498
"401","LAUR","2","8/5/2021",2021217,"401","imp","P",120,2.079181246,2.55,4.563667538,4.19634202,0,4.563667538,4.71876498
"402","LAUR","2","8/5/2021",2021217,"402","imp","A",0,0,2.32,4.563667538,4.19634202,0,4.563667538,4.71876498
"403","LAUR","2","8/5/2021",2021217,"403","imp","P",36,1.556302501,2.641,4.563667538,4.19634202,0,4.563667538,4.71876498
"404","LAUR","2","8/5/2021",2021217,"404","imp","P",98,1.991226076,2.735,4.563667538,4.19634202,0,4.563667538,4.71876498
"405","LAUR","2","8/5/2021",2021217,"405","imp","P",89,1.949390007,2.591,4.563667538,4.19634202,0,4.563667538,4.71876498
"406","LAUR","2","8/5/2021",2021217,"406","imp","P",27,1.431363764,2.659,4.563667538,4.19634202,0,4.563667538,4.71876498
"407","LAUR","2","8/5/2021",2021217,"407","imp","P",94,1.973127854,2.766,4.563667538,4.19634202,0,4.563667538,4.71876498
"408","LAUR","2","8/5/2021",2021217,"408","imp","P",149,2.173186268,2.783,4.563667538,4.19634202,0,4.563667538,4.71876498
"409","LAUR","2","8/5/2021",2021217,"409","imp","A",0,0,2.341,4.563667538,4.19634202,0,4.563667538,4.71876498
"410","LAUR","2","8/5/2021",2021217,"410","imp","A",0,0,2.896586,4.563667538,4.19634202,0,4.563667538,4.71876498
"411","LAUR","2","8/5/2021",2021217,"411","imp",NA,NA,NA,NA,4.563667538,4.19634202,0,4.563667538,4.71876498
"412","LAUR","2","8/5/2021",2021217,"412","imp","A",0,0,2.554392,4.563667538,4.19634202,0,4.563667538,4.71876498
"413","LAUR","2","8/5/2021",2021217,"413","imp","P",55,1.740362689,2.824964,4.563667538,4.19634202,0,4.563667538,4.71876498
"414","LAUR","2","8/5/2021",2021217,"414","imp","P",4,0.602059991,2.633972,4.563667538,4.19634202,0,4.563667538,4.71876498
"415","LAUR","2","8/5/2021",2021217,"415","imp","P",32,1.505149978,2.664,4.563667538,4.19634202,0,4.563667538,4.71876498
"416","LAUR","2","8/5/2021",2021217,"416","imp","P",31,1.491361694,2.958,4.563667538,4.19634202,0,4.563667538,4.71876498
"417","LAUR","2","8/5/2021",2021217,"417","imp","A",0,0,2.458,4.563667538,4.19634202,0,4.563667538,4.71876498
"418","LAUR","2","8/5/2021",2021217,"418","imp","A",0,0,2.246,4.563667538,4.19634202,0,4.563667538,4.71876498
"419","LAUR","2","8/5/2021",2021217,"419","imp","A",0,0,3.103,4.563667538,4.19634202,0,4.563667538,4.71876498
"420","LAUR","2","8/5/2021",2021217,"420","imp",NA,NA,NA,NA,4.563667538,4.19634202,0,4.563667538,4.71876498
"421","RCON","3","8/9/2021",2021221,"421","imp","P",34,1.531478917,2.874,0,3.123198075,0,0,3.123198075
"422","RCON","3","8/9/2021",2021221,"422","imp","P",9,0.954242509,2.284,0,3.123198075,0,0,3.123198075
"423","RCON","3","8/9/2021",2021221,"423","imp","P",72,1.857332496,2.249,0,3.123198075,0,0,3.123198075
"424","RCON","3","8/9/2021",2021221,"424","imp","P",260,2.414973348,2.677,0,3.123198075,0,0,3.123198075
"425","RCON","3","8/9/2021",2021221,"425","imp","P",160,2.204119983,2.097,0,3.123198075,0,0,3.123198075
"426","RCON","3","8/9/2021",2021221,"426","imp","A",0,0,2.27,0,3.123198075,0,0,3.123198075
"427","RCON","3","8/9/2021",2021221,"427","imp","A",0,0,2.282,0,3.123198075,0,0,3.123198075
"428","RCON","3","8/9/2021",2021221,"428","imp","A",0,0,2.097,0,3.123198075,0,0,3.123198075
"429","RCON","3","8/9/2021",2021221,"429","imp","A",0,0,2.759,0,3.123198075,0,0,3.123198075
"430","RCON","3","8/9/2021",2021221,"430","imp","P",11,1.041392685,2.328,0,3.123198075,0,0,3.123198075
"431","RCON","3","8/9/2021",2021221,"431","imp","P",2,0.301029996,1.967,0,3.123198075,0,0,3.123198075
"432","RCON","3","8/9/2021",2021221,"432","imp","A",0,0,2.551,0,3.123198075,0,0,3.123198075
"433","RCON","3","8/9/2021",2021221,"433","imp","P",3,0.477121255,2.914,0,3.123198075,0,0,3.123198075
"434","RCON","3","8/9/2021",2021221,"434","imp","A",0,0,2.232,0,3.123198075,0,0,3.123198075
"435","RCON","3","8/9/2021",2021221,"435","imp","P",8,0.903089987,1.886,0,3.123198075,0,0,3.123198075
"436","RCON","3","8/9/2021",2021221,"436","imp","P",2,0.301029996,1.931,0,3.123198075,0,0,3.123198075
"437","RCON","3","8/9/2021",2021221,"437","imp","A",0,0,1.853,0,3.123198075,0,0,3.123198075
"438","RCON","3","8/9/2021",2021221,"438","imp","A",0,0,2.449,0,3.123198075,0,0,3.123198075
"439","RCON","3","8/9/2021",2021221,"439","imp","P",16,1.204119983,2.541,0,3.123198075,0,0,3.123198075
"440","RCON","3","8/9/2021",2021221,"440","imp","A",0,0,2.43,0,3.123198075,0,0,3.123198075
"441","RCON","3","8/9/2021",2021221,"441","imp","P",10,1,2.389,0,3.123198075,0,0,3.123198075
"442","RCON","3","8/9/2021",2021221,"442","imp","A",0,0,3.011,0,3.123198075,0,0,3.123198075
"443","RCON","3","8/9/2021",2021221,"443","imp",NA,NA,NA,NA,0,3.123198075,0,0,3.123198075
"444","RCON","3","8/9/2021",2021221,"444","imp","A",0,0,2.068,0,3.123198075,0,0,3.123198075
"445","RCON","3","8/9/2021",2021221,"445","imp","P",4,0.602059991,2.173,0,3.123198075,0,0,3.123198075
"446","RCON","3","8/9/2021",2021221,"446","imp","A",0,0,2.2,0,3.123198075,0,0,3.123198075
"447","RCON","3","8/9/2021",2021221,"447","imp","A",0,0,2.394,0,3.123198075,0,0,3.123198075
"448","RCON","3","8/9/2021",2021221,"448","imp","P",113,2.053078443,2.387274,0,3.123198075,0,0,3.123198075
"449","RCON","3","8/9/2021",2021221,"449","imp","A",0,0,2.133,0,3.123198075,0,0,3.123198075
"450","RCON","3","8/9/2021",2021221,"450","imp","P",109,2.037426498,2.136,0,3.123198075,0,0,3.123198075
"451","RCON","3","8/9/2021",2021221,"451","imp","A",0,0,2.243,0,3.123198075,0,0,3.123198075
"452","RCON","3","8/9/2021",2021221,"452","imp","P",52,1.716003344,2.389,0,3.123198075,0,0,3.123198075
"453","RCON","3","8/9/2021",2021221,"453","imp","P",164,2.214843848,2.346,0,3.123198075,0,0,3.123198075
"454","RCON","3","8/9/2021",2021221,"454","imp","A",0,0,2.002,0,3.123198075,0,0,3.123198075
"455","RCON","3","8/9/2021",2021221,"455","imp","P",72,1.857332496,2.335,0,3.123198075,0,0,3.123198075
"456","RCON","3","8/9/2021",2021221,"456","imp","A",0,0,2.848,0,3.123198075,0,0,3.123198075
"457","RCON","3","8/9/2021",2021221,"457","imp","A",0,0,2.001,0,3.123198075,0,0,3.123198075
"458","RCON","3","8/9/2021",2021221,"458","imp","P",59,1.770852012,2.224,0,3.123198075,0,0,3.123198075
"459","RCON","3","8/9/2021",2021221,"459","imp",NA,NA,NA,NA,0,3.123198075,0,0,3.123198075
"460","RCON","3","8/9/2021",2021221,"460","imp","A",0,0,2.042,0,3.123198075,0,0,3.123198075
"461","RCON","3","8/9/2021",2021221,"461","imp","P",53,1.72427587,2.078,0,3.123198075,0,0,3.123198075
"462","RCUT","3","8/10/2021",2021222,"462","imp","P",39,1.591064607,2.579,4.569858971,4.83615315,2.139564266,4.568243508,5.024134396
"463","RCUT","3","8/10/2021",2021222,"463","imp","A",0,0,2.791,4.569858971,4.83615315,2.139564266,4.568243508,5.024134396
"464","RCUT","3","8/10/2021",2021222,"464","imp","A",0,0,2.763,4.569858971,4.83615315,2.139564266,4.568243508,5.024134396
"465","RCUT","3","8/10/2021",2021222,"465","imp","P",212,2.326335861,2.973,4.569858971,4.83615315,2.139564266,4.568243508,5.024134396
"466","RCUT","3","8/10/2021",2021222,"466","imp","P",11,1.041392685,2.553,4.569858971,4.83615315,2.139564266,4.568243508,5.024134396
"467","RCUT","3","8/10/2021",2021222,"467","gris","A",0,0,2.864754,4.569858971,4.83615315,2.139564266,4.568243508,5.024134396
"468","RCUT","3","8/10/2021",2021222,"468","imp","P",3,0.477121255,2.614,4.569858971,4.83615315,2.139564266,4.568243508,5.024134396
"469","RCUT","3","8/10/2021",2021222,"469","imp",NA,NA,NA,NA,4.569858971,4.83615315,2.139564266,4.568243508,5.024134396
"470","RCUT","3","8/10/2021",2021222,"470","imp","P",3,0.477121255,1.928,4.569858971,4.83615315,2.139564266,4.568243508,5.024134396
"471","RCUT","3","8/10/2021",2021222,"471","imp","A",0,0,2.203,4.569858971,4.83615315,2.139564266,4.568243508,5.024134396
"472","RCUT","3","8/10/2021",2021222,"472","imp","P",27,1.431363764,2.239,4.569858971,4.83615315,2.139564266,4.568243508,5.024134396
"473","RCUT","3","8/10/2021",2021222,"473","imp","P",77,1.886490725,2.782,4.569858971,4.83615315,2.139564266,4.568243508,5.024134396
"474","RCUT","3","8/10/2021",2021222,"474","imp","P",140,2.146128036,2.811,4.569858971,4.83615315,2.139564266,4.568243508,5.024134396
"475","RCUT","3","8/10/2021",2021222,"475","imp","P",125,2.096910013,2.132,4.569858971,4.83615315,2.139564266,4.568243508,5.024134396
"476","RCUT","3","8/10/2021",2021222,"476","imp","P",18,1.255272505,2.961,4.569858971,4.83615315,2.139564266,4.568243508,5.024134396
"477","RCUT","3","8/10/2021",2021222,"477","imp","A",0,0,3.098,4.569858971,4.83615315,2.139564266,4.568243508,5.024134396
"478","RCUT","3","8/10/2021",2021222,"478","imp","P",9,0.954242509,2.751,4.569858971,4.83615315,2.139564266,4.568243508,5.024134396
"479","RCUT","3","8/10/2021",2021222,"479","imp","A",0,0,2.554,4.569858971,4.83615315,2.139564266,4.568243508,5.024134396
"480","RCUT","3","8/10/2021",2021222,"480","imp","P",54,1.73239376,2.437,4.569858971,4.83615315,2.139564266,4.568243508,5.024134396
"481","RCUT","3","8/10/2021",2021222,"481","imp","A",0,0,2.734,4.569858971,4.83615315,2.139564266,4.568243508,5.024134396
"482","RCUT","3","8/10/2021",2021222,"482","imp","P",46,1.662757832,2.698,4.569858971,4.83615315,2.139564266,4.568243508,5.024134396
"483","RCUT","3","8/10/2021",2021222,"483","imp","A",0,0,2.332,4.569858971,4.83615315,2.139564266,4.568243508,5.024134396
"484","RCUT","3","8/10/2021",2021222,"484","imp","P",5,0.698970004,2.434,4.569858971,4.83615315,2.139564266,4.568243508,5.024134396
"485","RCUT","3","8/10/2021",2021222,"485","imp","A",0,0,2.306,4.569858971,4.83615315,2.139564266,4.568243508,5.024134396
"486","RCUT","3","8/10/2021",2021222,"486","imp","P",42,1.62324929,2.596,4.569858971,4.83615315,2.139564266,4.568243508,5.024134396
"487","RCUT","3","8/10/2021",2021222,"487","imp","P",14,1.146128036,2.46,4.569858971,4.83615315,2.139564266,4.568243508,5.024134396
"488","RCUT","3","8/10/2021",2021222,"488","imp","P",69,1.838849091,2.116,4.569858971,4.83615315,2.139564266,4.568243508,5.024134396
"489","RCUT","3","8/10/2021",2021222,"489","imp","A",0,0,2.671,4.569858971,4.83615315,2.139564266,4.568243508,5.024134396
"490","RCUT","3","8/10/2021",2021222,"490","imp","P",36,1.556302501,2.465,4.569858971,4.83615315,2.139564266,4.568243508,5.024134396
"491","RCUT","3","8/10/2021",2021222,"491","imp","P",5,0.698970004,2.649,4.569858971,4.83615315,2.139564266,4.568243508,5.024134396
"492","RCUT","3","8/10/2021",2021222,"492","imp","A",0,0,2.208,4.569858971,4.83615315,2.139564266,4.568243508,5.024134396
"493","RCUT","3","8/10/2021",2021222,"493","imp",NA,NA,NA,NA,4.569858971,4.83615315,2.139564266,4.568243508,5.024134396
"494","RCUT","3","8/10/2021",2021222,"494","imp","P",3,0.477121255,2.581,4.569858971,4.83615315,2.139564266,4.568243508,5.024134396
"495","RCUT","3","8/10/2021",2021222,"495","imp","P",47,1.672097858,2.622,4.569858971,4.83615315,2.139564266,4.568243508,5.024134396
"496","RCUT","3","8/10/2021",2021222,"496","imp","P",88,1.944482672,2.315,4.569858971,4.83615315,2.139564266,4.568243508,5.024134396
"497","RCUT","3","8/10/2021",2021222,"497","imp","P",35,1.544068044,2.686,4.569858971,4.83615315,2.139564266,4.568243508,5.024134396
"498","RCUT","3","8/10/2021",2021222,"498","imp","P",6,0.77815125,2.542,4.569858971,4.83615315,2.139564266,4.568243508,5.024134396
"499","RCUT","3","8/10/2021",2021222,"499","imp","P",2,0.301029996,2.832,4.569858971,4.83615315,2.139564266,4.568243508,5.024134396
"500","RCUT","3","8/10/2021",2021222,"500","imp","P",16,1.204119983,2.561,4.569858971,4.83615315,2.139564266,4.568243508,5.024134396
"501","RCUT","3","8/10/2021",2021222,"501","imp","P",2,0.301029996,1.995,4.569858971,4.83615315,2.139564266,4.568243508,5.024134396
"502","RCUT","3","8/10/2021",2021222,"502","imp","A",0,0,2.934,4.569858971,4.83615315,2.139564266,4.568243508,5.024134396
"503","GOLO","2","8/11/2021",2021223,"503","imp",NA,NA,NA,NA,3.21114725,2.728028954,1.531478917,3.201970342,3.334594472
"504","GOLO","2","8/11/2021",2021223,"504","imp",NA,NA,NA,NA,3.21114725,2.728028954,1.531478917,3.201970342,3.334594472
"505","GOLO","2","8/11/2021",2021223,"505","imp",NA,NA,NA,NA,3.21114725,2.728028954,1.531478917,3.201970342,3.334594472
"506","GOLO","2","8/11/2021",2021223,"506","imp","A",0,0,2.355,3.21114725,2.728028954,1.531478917,3.201970342,3.334594472
"507","GOLO","2","8/11/2021",2021223,"507","imp",NA,NA,NA,NA,3.21114725,2.728028954,1.531478917,3.201970342,3.334594472
"508","GOLO","2","8/11/2021",2021223,"508","imp","A",0,0,2.249,3.21114725,2.728028954,1.531478917,3.201970342,3.334594472
"509","GOLO","2","8/11/2021",2021223,"509","imp",NA,NA,NA,NA,3.21114725,2.728028954,1.531478917,3.201970342,3.334594472
"510","GOLO","2","8/11/2021",2021223,"510","imp","A",0,0,2.512,3.21114725,2.728028954,1.531478917,3.201970342,3.334594472
"511","GOLO","2","8/11/2021",2021223,"511","imp",NA,NA,NA,NA,3.21114725,2.728028954,1.531478917,3.201970342,3.334594472
"512","GOLO","2","8/11/2021",2021223,"512","imp",NA,NA,NA,NA,3.21114725,2.728028954,1.531478917,3.201970342,3.334594472
"513","GOLO","2","8/11/2021",2021223,"513","imp",NA,NA,NA,NA,3.21114725,2.728028954,1.531478917,3.201970342,3.334594472
"514","GOLO","2","8/11/2021",2021223,"514","imp","A",0,0,2.319,3.21114725,2.728028954,1.531478917,3.201970342,3.334594472
"515","GOLO","2","8/11/2021",2021223,"515","imp","A",0,0,NA,3.21114725,2.728028954,1.531478917,3.201970342,3.334594472
"516","GOLO","2","8/11/2021",2021223,"516","imp","A",0,0,NA,3.21114725,2.728028954,1.531478917,3.201970342,3.334594472
"517","GOLO","2","8/11/2021",2021223,"517","imp","P",7,0.84509804,2.52,3.21114725,2.728028954,1.531478917,3.201970342,3.334594472
"518","GOLO","2","8/11/2021",2021223,"518","imp",NA,NA,NA,NA,3.21114725,2.728028954,1.531478917,3.201970342,3.334594472
"519","GOLO","2","8/11/2021",2021223,"519","imp","P",37,1.568201724,2.213,3.21114725,2.728028954,1.531478917,3.201970342,3.334594472
"520","GOLO","2","8/11/2021",2021223,"520","imp",NA,NA,NA,NA,3.21114725,2.728028954,1.531478917,3.201970342,3.334594472
"521","GOLO","2","8/11/2021",2021223,"521","imp","P",31,1.491361694,2.958,3.21114725,2.728028954,1.531478917,3.201970342,3.334594472
"522","GOLO","2","8/11/2021",2021223,"522","imp","A",0,0,2.785,3.21114725,2.728028954,1.531478917,3.201970342,3.334594472
"523","GOLO","2","8/11/2021",2021223,"523","imp","P",7,0.84509804,2.772,3.21114725,2.728028954,1.531478917,3.201970342,3.334594472
"524","GOLO","2","8/11/2021",2021223,"524","imp","P",32,1.505149978,2.772,3.21114725,2.728028954,1.531478917,3.201970342,3.334594472
"525","GOLO","2","8/11/2021",2021223,"525","imp","P",83,1.919078092,2.495,3.21114725,2.728028954,1.531478917,3.201970342,3.334594472
"526","GOLO","2","8/11/2021",2021223,"526","imp","P",9,0.954242509,2.676,3.21114725,2.728028954,1.531478917,3.201970342,3.334594472
"527","GOLO","2","8/11/2021",2021223,"527","imp","P",396,2.597695186,2.935,3.21114725,2.728028954,1.531478917,3.201970342,3.334594472
"528","GOLO","2","8/11/2021",2021223,"528","imp","A",0,0,2.708,3.21114725,2.728028954,1.531478917,3.201970342,3.334594472
"529","GOLO","2","8/11/2021",2021223,"529","imp","P",9,0.954242509,2.772,3.21114725,2.728028954,1.531478917,3.201970342,3.334594472
"530","GOLO","2","8/11/2021",2021223,"530","imp","P",46,1.662757832,2.125,3.21114725,2.728028954,1.531478917,3.201970342,3.334594472
"531","GOLO","2","8/11/2021",2021223,"531","imp","A",0,0,2.476,3.21114725,2.728028954,1.531478917,3.201970342,3.334594472
"532","LASA","2","8/12/2021",2021224,"532","imp","P",1,0,2.293,3.778679321,4.167690084,2.46834733,3.756887029,4.316388121
"533","LASA","2","8/12/2021",2021224,"533","imp","P",38,1.579783597,2.729,3.778679321,4.167690084,2.46834733,3.756887029,4.316388121
"534","LASA","2","8/12/2021",2021224,"534","imp","A",0,0,3.093,3.778679321,4.167690084,2.46834733,3.756887029,4.316388121
"535","LASA","2","8/12/2021",2021224,"535","imp","P",570,2.755874856,2.652,3.778679321,4.167690084,2.46834733,3.756887029,4.316388121
"536","LASA","2","8/12/2021",2021224,"536","imp","A",0,0,2.694,3.778679321,4.167690084,2.46834733,3.756887029,4.316388121
"537","LASA","2","8/12/2021",2021224,"537","imp","P",5,0.698970004,2.666,3.778679321,4.167690084,2.46834733,3.756887029,4.316388121
"538","LASA","2","8/12/2021",2021224,"538","imp","P",1,0,2.833,3.778679321,4.167690084,2.46834733,3.756887029,4.316388121
"539","LASA","2","8/12/2021",2021224,"539","imp","P",6,0.77815125,2.517,3.778679321,4.167690084,2.46834733,3.756887029,4.316388121
"540","LASA","2","8/12/2021",2021224,"540","imp","A",0,0,2.793,3.778679321,4.167690084,2.46834733,3.756887029,4.316388121
"541","LASA","2","8/12/2021",2021224,"541","imp","A",0,0,2.615,3.778679321,4.167690084,2.46834733,3.756887029,4.316388121
"542","LASA","2","8/12/2021",2021224,"542","imp","P",1,0,2.19,3.778679321,4.167690084,2.46834733,3.756887029,4.316388121
"543","LASA","2","8/12/2021",2021224,"543","imp","A",0,0,2.842,3.778679321,4.167690084,2.46834733,3.756887029,4.316388121
"544","LASA","2","8/12/2021",2021224,"544","imp","P",18,1.255272505,2.854,3.778679321,4.167690084,2.46834733,3.756887029,4.316388121
"545","LASA","2","8/12/2021",2021224,"545","imp","P",29,1.462397998,2.539,3.778679321,4.167690084,2.46834733,3.756887029,4.316388121
"546","LASA","2","8/12/2021",2021224,"546","imp","A",0,0,2.658,3.778679321,4.167690084,2.46834733,3.756887029,4.316388121
"547","LASA","2","8/12/2021",2021224,"547","imp","P",39,1.591064607,2.474,3.778679321,4.167690084,2.46834733,3.756887029,4.316388121
"548","LASA","2","8/12/2021",2021224,"548","imp","P",91,1.959041392,2.918,3.778679321,4.167690084,2.46834733,3.756887029,4.316388121
"549","LASA","2","8/12/2021",2021224,"549","imp","A",0,0,2.587,3.778679321,4.167690084,2.46834733,3.756887029,4.316388121
"550","LASA","2","8/12/2021",2021224,"550","imp","P",3,0.477121255,2.588,3.778679321,4.167690084,2.46834733,3.756887029,4.316388121
"551","LASA","2","8/12/2021",2021224,"551","imp","P",27,1.431363764,2.247,3.778679321,4.167690084,2.46834733,3.756887029,4.316388121
"552","LASA","2","8/12/2021",2021224,"552","imp","P",6,0.77815125,2.519,3.778679321,4.167690084,2.46834733,3.756887029,4.316388121
"553","LASA","2","8/12/2021",2021224,"553","imp","P",30,1.477121255,2.871,3.778679321,4.167690084,2.46834733,3.756887029,4.316388121
"554","LASA","2","8/12/2021",2021224,"554","imp","A",0,0,2.408,3.778679321,4.167690084,2.46834733,3.756887029,4.316388121
"555","LASA","2","8/12/2021",2021224,"555","imp","P",3,0.477121255,2.753,3.778679321,4.167690084,2.46834733,3.756887029,4.316388121
"556","LASA","2","8/12/2021",2021224,"556","imp","P",114,2.056904851,2.687,3.778679321,4.167690084,2.46834733,3.756887029,4.316388121
"557","LASA","2","8/12/2021",2021224,"557","imp","A",0,0,2.769,3.778679321,4.167690084,2.46834733,3.756887029,4.316388121
"558","LASA","2","8/12/2021",2021224,"558","imp","P",6,0.77815125,2.649,3.778679321,4.167690084,2.46834733,3.756887029,4.316388121
"559","LASA","2","8/12/2021",2021224,"559","imp","A",0,0,2.525,3.778679321,4.167690084,2.46834733,3.756887029,4.316388121
"560","LASA","2","8/12/2021",2021224,"560","imp","P",1,0,2.123,3.778679321,4.167690084,2.46834733,3.756887029,4.316388121
"561","LASA","2","8/12/2021",2021224,"561","imp","P",220,2.342422681,3.018,3.778679321,4.167690084,2.46834733,3.756887029,4.316388121
"562","LASA","2","8/12/2021",2021224,"562","imp","P",6,0.77815125,2.411,3.778679321,4.167690084,2.46834733,3.756887029,4.316388121
"563","GOLO","2","8/12/2021",2021224,"563","imp","P",40,1.602059991,2.012,3.21114725,2.728028954,1.531478917,3.201970342,3.334594472
"564","GOLO","2","8/12/2021",2021224,"564","imp","P",39,1.591064607,2.392,3.21114725,2.728028954,1.531478917,3.201970342,3.334594472
"565","GOLO","2","8/12/2021",2021224,"565","imp","P",34,1.531478917,2.663,3.21114725,2.728028954,1.531478917,3.201970342,3.334594472
"566","GOLO","2","8/12/2021",2021224,"566","imp","P",84,1.924279286,2.728,3.21114725,2.728028954,1.531478917,3.201970342,3.334594472
"567","GOLO","2","8/12/2021",2021224,"567","imp","P",363,2.559906625,2.715,3.21114725,2.728028954,1.531478917,3.201970342,3.334594472
"568","GOLO","2","8/12/2021",2021224,"568","imp","A",0,0,2.195,3.21114725,2.728028954,1.531478917,3.201970342,3.334594472
"569","GOLO","2","8/12/2021",2021224,"569","imp","P",1,0,2.171,3.21114725,2.728028954,1.531478917,3.201970342,3.334594472
"570","GOLO","2","8/12/2021",2021224,"570","imp","A",0,0,NA,3.21114725,2.728028954,1.531478917,3.201970342,3.334594472
"571","GOLO","2","8/12/2021",2021224,"571","imp","P",8,0.903089987,2.661,3.21114725,2.728028954,1.531478917,3.201970342,3.334594472
"572","GOLO","2","8/12/2021",2021224,"572","imp",NA,NA,NA,NA,3.21114725,2.728028954,1.531478917,3.201970342,3.334594472
"573","GOLO","2","8/12/2021",2021224,"573","imp",NA,NA,NA,NA,3.21114725,2.728028954,1.531478917,3.201970342,3.334594472
"574","GOLO","2","8/12/2021",2021224,"574","imp","P",2,0.301029996,2.626,3.21114725,2.728028954,1.531478917,3.201970342,3.334594472
"575","GOLO","2","8/12/2021",2021224,"575","imp","P",16,1.204119983,2.322,3.21114725,2.728028954,1.531478917,3.201970342,3.334594472
"576","GOLO","2","8/12/2021",2021224,"576","imp",NA,NA,NA,NA,3.21114725,2.728028954,1.531478917,3.201970342,3.334594472
"577","GOLO","2","8/12/2021",2021224,"577","imp","A",0,0,2.37,3.21114725,2.728028954,1.531478917,3.201970342,3.334594472
"578","GOLO","2","8/12/2021",2021224,"578","imp","P",7,0.84509804,2.654,3.21114725,2.728028954,1.531478917,3.201970342,3.334594472
"579","GOLO","2","8/12/2021",2021224,"579","imp",NA,NA,NA,NA,3.21114725,2.728028954,1.531478917,3.201970342,3.334594472
"580","GOLO","2","8/12/2021",2021224,"580","imp","P",37,1.568201724,2.409,3.21114725,2.728028954,1.531478917,3.201970342,3.334594472
"581","GOLO","2","8/12/2021",2021224,"581","imp","P",62,1.792391689,2.438,3.21114725,2.728028954,1.531478917,3.201970342,3.334594472
"582","GOLO","2","8/12/2021",2021224,"582","imp",NA,NA,NA,NA,3.21114725,2.728028954,1.531478917,3.201970342,3.334594472
"583","GOLO","2","8/12/2021",2021224,"583","imp","A",0,0,2.022,3.21114725,2.728028954,1.531478917,3.201970342,3.334594472
"584","GOLO","2","8/12/2021",2021224,"584","imp","P",16,1.204119983,2.406,3.21114725,2.728028954,1.531478917,3.201970342,3.334594472
"585","GOLO","2","8/12/2021",2021224,"585","imp","P",21,1.322219295,2.16,3.21114725,2.728028954,1.531478917,3.201970342,3.334594472
"586","SIMP","3","8/16/2021",2021228,"586","imp","A",0,0,2.556,3.718350531,3.367639469,0,3.718350531,3.878504661
"587","SIMP","3","8/16/2021",2021228,"587","imp","P",1,0,2.401,3.718350531,3.367639469,0,3.718350531,3.878504661
"588","SIMP","3","8/16/2021",2021228,"588","imp","P",101,2.004321374,2.89,3.718350531,3.367639469,0,3.718350531,3.878504661
"589","SIMP","3","8/16/2021",2021228,"589","imp","P",1,0,2.847,3.718350531,3.367639469,0,3.718350531,3.878504661
"590","SIMP","3","8/16/2021",2021228,"590","imp","A",0,0,3.143,3.718350531,3.367639469,0,3.718350531,3.878504661
"591","SIMP","3","8/16/2021",2021228,"591","imp","A",0,0,2.61,3.718350531,3.367639469,0,3.718350531,3.878504661
"592","SIMP","3","8/16/2021",2021228,"592","imp","A",0,0,2.44,3.718350531,3.367639469,0,3.718350531,3.878504661
"593","SIMP","3","8/16/2021",2021228,"593","imp","A",0,0,2.122,3.718350531,3.367639469,0,3.718350531,3.878504661
"594","SIMP","3","8/16/2021",2021228,"594","imp","A",0,0,2.71,3.718350531,3.367639469,0,3.718350531,3.878504661
"595","SIMP","3","8/16/2021",2021228,"595","imp","A",0,0,2.119,3.718350531,3.367639469,0,3.718350531,3.878504661
"596","SIMP","3","8/16/2021",2021228,"596","imp","A",0,0,2.584,3.718350531,3.367639469,0,3.718350531,3.878504661
"597","SIMP","3","8/16/2021",2021228,"597","imp","A",0,0,2.555,3.718350531,3.367639469,0,3.718350531,3.878504661
"598","SIMP","3","8/16/2021",2021228,"598","imp","P",7,0.84509804,2.846,3.718350531,3.367639469,0,3.718350531,3.878504661
"599","SIMP","3","8/16/2021",2021228,"599","imp","A",0,0,NA,3.718350531,3.367639469,0,3.718350531,3.878504661
"600","SIMP","3","8/16/2021",2021228,"600","imp","A",0,0,2.614,3.718350531,3.367639469,0,3.718350531,3.878504661
"601","SIMP","3","8/16/2021",2021228,"601","imp","P",6,0.77815125,1.863,3.718350531,3.367639469,0,3.718350531,3.878504661
"602","SIMP","3","8/16/2021",2021228,"602","imp","P",103,2.012837225,2.883,3.718350531,3.367639469,0,3.718350531,3.878504661
"603","SIMP","3","8/16/2021",2021228,"603","imp","A",0,0,3.228,3.718350531,3.367639469,0,3.718350531,3.878504661
"604","SIMP","3","8/16/2021",2021228,"604","imp","A",0,0,2.57,3.718350531,3.367639469,0,3.718350531,3.878504661
"605","SIMP","3","8/16/2021",2021228,"605","imp","A",0,0,2.656,3.718350531,3.367639469,0,3.718350531,3.878504661
"606","SIMP","3","8/16/2021",2021228,"606","imp","A",0,0,2.219,3.718350531,3.367639469,0,3.718350531,3.878504661
"607","SIMP","3","8/16/2021",2021228,"607","imp","P",1,0,2.592,3.718350531,3.367639469,0,3.718350531,3.878504661
"608","SIMP","3","8/16/2021",2021228,"608","imp","P",1,0,2.138,3.718350531,3.367639469,0,3.718350531,3.878504661
"609","SIMP","3","8/16/2021",2021228,"609","imp","A",0,0,2.851,3.718350531,3.367639469,0,3.718350531,3.878504661
"610","SIMP","3","8/16/2021",2021228,"610","imp","A",0,0,2.423,3.718350531,3.367639469,0,3.718350531,3.878504661
"611","SIMP","3","8/16/2021",2021228,"611","imp","A",0,0,2.749,3.718350531,3.367639469,0,3.718350531,3.878504661
"612","SIMP","3","8/16/2021",2021228,"612","imp",NA,NA,NA,NA,3.718350531,3.367639469,0,3.718350531,3.878504661
"613","SIMP","3","8/16/2021",2021228,"613","imp","A",0,0,2.861,3.718350531,3.367639469,0,3.718350531,3.878504661
"614","SIMP","3","8/16/2021",2021228,"614","imp","A",0,0,3.023,3.718350531,3.367639469,0,3.718350531,3.878504661
"615","SIMP","3","8/16/2021",2021228,"615","imp","A",0,0,2.609,3.718350531,3.367639469,0,3.718350531,3.878504661
"616","SIMP","3","8/16/2021",2021228,"616","imp","A",0,0,2.775,3.718350531,3.367639469,0,3.718350531,3.878504661
"617","SIMP","3","8/16/2021",2021228,"617","imp","P",2,0.301029996,2.939,3.718350531,3.367639469,0,3.718350531,3.878504661
"618","SIMP","3","8/16/2021",2021228,"618","imp","A",0,0,2.503,3.718350531,3.367639469,0,3.718350531,3.878504661
"619","SIMP","3","8/16/2021",2021228,"619","imp","P",11,1.041392685,2.411,3.718350531,3.367639469,0,3.718350531,3.878504661
"620","SIMP","3","8/16/2021",2021228,"620","imp","A",0,0,2.566,3.718350531,3.367639469,0,3.718350531,3.878504661
"621","SIMP","3","8/16/2021",2021228,"621","imp","A",0,0,2.336,3.718350531,3.367639469,0,3.718350531,3.878504661
"622","SIMP","3","8/16/2021",2021228,"622","imp","A",0,0,2.614,3.718350531,3.367639469,0,3.718350531,3.878504661
"623","SIMP","3","8/16/2021",2021228,"623","imp","P",61,1.785329835,2.396,3.718350531,3.367639469,0,3.718350531,3.878504661
"624","SIMP","3","8/16/2021",2021228,"624","imp","A",0,0,2.747,3.718350531,3.367639469,0,3.718350531,3.878504661
"625","SIMP","3","8/16/2021",2021228,"625","imp","A",0,0,2.527,3.718350531,3.367639469,0,3.718350531,3.878504661
"626","SIMP","3","8/16/2021",2021228,"626","imp","A",0,0,2.712,3.718350531,3.367639469,0,3.718350531,3.878504661
"627","SIMP","3","8/16/2021",2021228,"627","imp","A",0,0,2.236,3.718350531,3.367639469,0,3.718350531,3.878504661
"628","SIMP","3","8/16/2021",2021228,"628","imp",NA,NA,NA,NA,3.718350531,3.367639469,0,3.718350531,3.878504661
"629","SIMP","3","8/16/2021",2021228,"629","imp","P",78,1.892094603,1.884,3.718350531,3.367639469,0,3.718350531,3.878504661
"630","LAUR","3","8/17/2021",2021229,"630","imp","P",30,1.477121255,2.461,5.047019211,4.37241936,0,5.047019211,5.130358304
"631","LAUR","3","8/17/2021",2021229,"631","imp","A",0,0,2.412,5.047019211,4.37241936,0,5.047019211,5.130358304
"632","LAUR","3","8/17/2021",2021229,"632","imp","P",4,0.602059991,2.56,5.047019211,4.37241936,0,5.047019211,5.130358304
"633","LAUR","3","8/17/2021",2021229,"633","imp","P",78,1.892094603,2.571,5.047019211,4.37241936,0,5.047019211,5.130358304
"634","LAUR","3","8/17/2021",2021229,"634","imp","A",0,0,2.442,5.047019211,4.37241936,0,5.047019211,5.130358304
"635","LAUR","3","8/17/2021",2021229,"635","imp",NA,NA,NA,NA,5.047019211,4.37241936,0,5.047019211,5.130358304
"636","LAUR","3","8/17/2021",2021229,"636","gris","P",97,1.986771734,NA,5.047019211,4.37241936,0,5.047019211,5.130358304
"637","LAUR","3","8/17/2021",2021229,"637","gris","P",278,2.444044796,3.151242,5.047019211,4.37241936,0,5.047019211,5.130358304
"638","LAUR","3","8/17/2021",2021229,"638","imp","P",10,1,2.869,5.047019211,4.37241936,0,5.047019211,5.130358304
"639","LAUR","3","8/17/2021",2021229,"639","gris","P",129,2.11058971,NA,5.047019211,4.37241936,0,5.047019211,5.130358304
"640","LAUR","3","8/17/2021",2021229,"640","gris","P",166,2.220108088,3.071662,5.047019211,4.37241936,0,5.047019211,5.130358304
"641","LAUR","3","8/17/2021",2021229,"641","gris","P",228,2.357934847,3.032,5.047019211,4.37241936,0,5.047019211,5.130358304
"642","LAUR","3","8/17/2021",2021229,"642","imp","A",0,0,3.002,5.047019211,4.37241936,0,5.047019211,5.130358304
"643","LAUR","3","8/17/2021",2021229,"643","gris","P",165,2.217483944,3.151242,5.047019211,4.37241936,0,5.047019211,5.130358304
"644","LAUR","3","8/17/2021",2021229,"644","imp","P",7,0.84509804,2.28,5.047019211,4.37241936,0,5.047019211,5.130358304
"645","LAUR","3","8/17/2021",2021229,"645","bimac","P",428,2.631443769,2.649888,5.047019211,4.37241936,0,5.047019211,5.130358304
"646","LAUR","3","8/17/2021",2021229,"646","gris",NA,NA,NA,NA,5.047019211,4.37241936,0,5.047019211,5.130358304
"647","LAUR","3","8/17/2021",2021229,"647","imp","P",65,1.812913357,2.555,5.047019211,4.37241936,0,5.047019211,5.130358304
"648","LAUR","3","8/17/2021",2021229,"648","imp","A",0,0,2.38,5.047019211,4.37241936,0,5.047019211,5.130358304
"649","LAUR","3","8/17/2021",2021229,"649","imp","A",0,0,2.553,5.047019211,4.37241936,0,5.047019211,5.130358304
"650","LAUR","3","8/17/2021",2021229,"650","imp","A",0,0,2.873,5.047019211,4.37241936,0,5.047019211,5.130358304
"651","LAUR","3","8/17/2021",2021229,"651","imp","A",0,0,2.279,5.047019211,4.37241936,0,5.047019211,5.130358304
"652","LAUR","3","8/17/2021",2021229,"652","imp","P",41,1.612783857,3.045,5.047019211,4.37241936,0,5.047019211,5.130358304
"653","LAUR","3","8/17/2021",2021229,"653","imp","A",0,0,2.885,5.047019211,4.37241936,0,5.047019211,5.130358304
"654","LAUR","3","8/17/2021",2021229,"654","imp","A",0,0,2.481,5.047019211,4.37241936,0,5.047019211,5.130358304
"655","LAUR","3","8/17/2021",2021229,"655","imp","P",215,2.33243846,2.719,5.047019211,4.37241936,0,5.047019211,5.130358304
"656","LAUR","3","8/17/2021",2021229,"656","imp",NA,NA,NA,NA,5.047019211,4.37241936,0,5.047019211,5.130358304
"657","LAUR","3","8/17/2021",2021229,"657","imp","P",8,0.903089987,2.758,5.047019211,4.37241936,0,5.047019211,5.130358304
"658","LAUR","3","8/17/2021",2021229,"658","imp","A",0,0,2.756,5.047019211,4.37241936,0,5.047019211,5.130358304
"659","LAUR","3","8/17/2021",2021229,"659","imp","A",0,0,2.562,5.047019211,4.37241936,0,5.047019211,5.130358304
"660","LAUR","3","8/17/2021",2021229,"660","imp","A",0,0,2.799,5.047019211,4.37241936,0,5.047019211,5.130358304
"661","LAUR","3","8/17/2021",2021229,"661","imp","A",0,0,2.774,5.047019211,4.37241936,0,5.047019211,5.130358304
"662","LAUR","3","8/17/2021",2021229,"662","imp","A",0,0,2.841,5.047019211,4.37241936,0,5.047019211,5.130358304
"663","LAUR","3","8/17/2021",2021229,"663","imp","A",0,0,2.952,5.047019211,4.37241936,0,5.047019211,5.130358304
"664","LAUR","3","8/17/2021",2021229,"664","imp","A",0,0,2.664,5.047019211,4.37241936,0,5.047019211,5.130358304
"665","LAUR","3","8/17/2021",2021229,"665","imp","A",0,0,2.984,5.047019211,4.37241936,0,5.047019211,5.130358304
"666","LAUR","3","8/17/2021",2021229,"666","imp","A",0,0,2.7613,5.047019211,4.37241936,0,5.047019211,5.130358304
"667","LAUR","3","8/17/2021",2021229,"667","imp",NA,NA,NA,NA,5.047019211,4.37241936,0,5.047019211,5.130358304
"668","LAUR","3","8/17/2021",2021229,"668","imp","A",0,0,2.431,5.047019211,4.37241936,0,5.047019211,5.130358304
"669","LAUR","3","8/17/2021",2021229,"669","imp","A",0,0,2.31,5.047019211,4.37241936,0,5.047019211,5.130358304
"670","LAUR","3","8/17/2021",2021229,"670","imp","A",0,0,2.779,5.047019211,4.37241936,0,5.047019211,5.130358304
"671","LAUR","3","8/17/2021",2021229,"671","imp","A",0,0,2.891,5.047019211,4.37241936,0,5.047019211,5.130358304
"672","LAUR","3","8/17/2021",2021229,"672","imp","A",0,0,2.395,5.047019211,4.37241936,0,5.047019211,5.130358304
"673","LAUR","3","8/17/2021",2021229,"673","imp","A",0,0,2.43,5.047019211,4.37241936,0,5.047019211,5.130358304
"674","LAUR","3","8/17/2021",2021229,"674","imp","A",0,0,NA,5.047019211,4.37241936,0,5.047019211,5.130358304
"675","LAUR","3","8/17/2021",2021229,"675","imp","P",92,1.963787827,2.744,5.047019211,4.37241936,0,5.047019211,5.130358304
"676","LAUR","3","8/17/2021",2021229,"676","imp","P",63,1.799340549,2.482,5.047019211,4.37241936,0,5.047019211,5.130358304
"677","LAUR","3","8/17/2021",2021229,"677","imp","A",0,0,2.637,5.047019211,4.37241936,0,5.047019211,5.130358304
"678","LAUR","3","8/17/2021",2021229,"678","imp","A",0,0,2.694,5.047019211,4.37241936,0,5.047019211,5.130358304
"679","GOLO","3","8/18/2021",2021230,"679","imp","P",26,1.414973348,2.407,3.378307035,2.547774705,1.799340549,3.366703057,3.438146636
"680","GOLO","3","8/18/2021",2021230,"680","imp","P",25,1.397940009,2.15,3.378307035,2.547774705,1.799340549,3.366703057,3.438146636
"681","GOLO","3","8/18/2021",2021230,"681","imp","P",2,0.301029996,2.935,3.378307035,2.547774705,1.799340549,3.366703057,3.438146636
"682","GOLO","3","8/18/2021",2021230,"682","vagans","A",0,0,2.73,3.378307035,2.547774705,1.799340549,3.366703057,3.438146636
"683","GOLO","3","8/18/2021",2021230,"683","imp","A",0,0,2.957,3.378307035,2.547774705,1.799340549,3.366703057,3.438146636
"684","GOLO","3","8/18/2021",2021230,"684","imp","P",19,1.278753601,2.358,3.378307035,2.547774705,1.799340549,3.366703057,3.438146636
"685","GOLO","3","8/18/2021",2021230,"685","imp","A",0,0,1.984,3.378307035,2.547774705,1.799340549,3.366703057,3.438146636
"686","GOLO","3","8/18/2021",2021230,"686","imp","A",0,0,2.85,3.378307035,2.547774705,1.799340549,3.366703057,3.438146636
"687","GOLO","3","8/18/2021",2021230,"687","imp","A",0,0,2.531,3.378307035,2.547774705,1.799340549,3.366703057,3.438146636
"688","GOLO","3","8/18/2021",2021230,"688","vagans","A",0,0,2.418,3.378307035,2.547774705,1.799340549,3.366703057,3.438146636
"689","GOLO","3","8/18/2021",2021230,"689","imp","P",23,1.361727836,2.183,3.378307035,2.547774705,1.799340549,3.366703057,3.438146636
"690","GOLO","3","8/18/2021",2021230,"690","imp","P",53,1.72427587,3.023,3.378307035,2.547774705,1.799340549,3.366703057,3.438146636
"691","GOLO","3","8/18/2021",2021230,"691","imp","P",23,1.361727836,2.664,3.378307035,2.547774705,1.799340549,3.366703057,3.438146636
"692","GOLO","3","8/18/2021",2021230,"692","imp","A",0,0,2.618,3.378307035,2.547774705,1.799340549,3.366703057,3.438146636
"693","GOLO","3","8/18/2021",2021230,"693","imp","A",0,0,2.911,3.378307035,2.547774705,1.799340549,3.366703057,3.438146636
"694","GOLO","3","8/18/2021",2021230,"694","imp","P",1,0,2.303,3.378307035,2.547774705,1.799340549,3.366703057,3.438146636
"695","GOLO","3","8/18/2021",2021230,"695","imp","P",3,0.477121255,2.241,3.378307035,2.547774705,1.799340549,3.366703057,3.438146636
"696","GOLO","3","8/18/2021",2021230,"696","imp","P",49,1.69019608,2.627,3.378307035,2.547774705,1.799340549,3.366703057,3.438146636
"697","GOLO","3","8/18/2021",2021230,"697","imp","A",0,0,2.554,3.378307035,2.547774705,1.799340549,3.366703057,3.438146636
"698","GOLO","3","8/18/2021",2021230,"698","imp","P",62,1.792391689,2.766,3.378307035,2.547774705,1.799340549,3.366703057,3.438146636
"699","GOLO","3","8/18/2021",2021230,"699","imp","A",0,0,2.895,3.378307035,2.547774705,1.799340549,3.366703057,3.438146636
"700","GOLO","3","8/18/2021",2021230,"700","imp","A",0,0,2.161,3.378307035,2.547774705,1.799340549,3.366703057,3.438146636
"701","GOLO","3","8/18/2021",2021230,"701","vagans","A",0,0,2.129,3.378307035,2.547774705,1.799340549,3.366703057,3.438146636
"702","GOLO","3","8/18/2021",2021230,"702","imp","P",7,0.84509804,2.983,3.378307035,2.547774705,1.799340549,3.366703057,3.438146636
"703","GOLO","3","8/18/2021",2021230,"703","imp","A",0,0,2.774,3.378307035,2.547774705,1.799340549,3.366703057,3.438146636
"704","GOLO","3","8/18/2021",2021230,"704","imp","A",0,0,2.392,3.378307035,2.547774705,1.799340549,3.366703057,3.438146636
"705","GOLO","3","8/18/2021",2021230,"705","imp","A",0,0,2.882,3.378307035,2.547774705,1.799340549,3.366703057,3.438146636
"706","GOLO","3","8/18/2021",2021230,"706","imp","A",0,0,2.902,3.378307035,2.547774705,1.799340549,3.366703057,3.438146636
"707","GOLO","3","8/18/2021",2021230,"707","imp","A",0,0,2.665,3.378307035,2.547774705,1.799340549,3.366703057,3.438146636
"708","GOLO","3","8/18/2021",2021230,"708","imp","P",66,1.819543936,2.558,3.378307035,2.547774705,1.799340549,3.366703057,3.438146636
"709","GOLO","3","8/18/2021",2021230,"709","imp",NA,NA,NA,NA,3.378307035,2.547774705,1.799340549,3.366703057,3.438146636
"710","GOLO","3","8/18/2021",2021230,"710","imp","A",0,0,2.571,3.378307035,2.547774705,1.799340549,3.366703057,3.438146636
"711","GOLO","3","8/18/2021",2021230,"711","imp","A",0,0,2.654,3.378307035,2.547774705,1.799340549,3.366703057,3.438146636
"712","GOLO","3","8/18/2021",2021230,"712","imp","P",1,0,2.675,3.378307035,2.547774705,1.799340549,3.366703057,3.438146636
"713","GOLO","3","8/18/2021",2021230,"713","imp","P",23,1.361727836,2.432,3.378307035,2.547774705,1.799340549,3.366703057,3.438146636
"714","GOLO","3","8/18/2021",2021230,"714","imp",NA,NA,NA,NA,3.378307035,2.547774705,1.799340549,3.366703057,3.438146636
"715","GOLO","3","8/18/2021",2021230,"715","imp","P",48,1.681241237,2.807,3.378307035,2.547774705,1.799340549,3.366703057,3.438146636
"716","GOLO","3","8/18/2021",2021230,"716","imp",NA,NA,NA,NA,3.378307035,2.547774705,1.799340549,3.366703057,3.438146636
"717","GOLO","3","8/18/2021",2021230,"717","imp","P",30,1.477121255,2.426,3.378307035,2.547774705,1.799340549,3.366703057,3.438146636
"718","GOLO","3","8/18/2021",2021230,"718",NA,"P",35,1.544068044,3.684,3.378307035,2.547774705,1.799340549,3.366703057,3.438146636
"719","GOLO","3","8/18/2021",2021230,"719","imp","A",0,0,2.735,3.378307035,2.547774705,1.799340549,3.366703057,3.438146636
"720","LASA","3","8/19/2021",2021231,"720","imp","A",0,0,2.607,3.380247431,3.977449227,2.43055877,3.328522306,4.075335237
"721","LASA","3","8/19/2021",2021231,"721","imp","P",71,1.851258349,2.175,3.380247431,3.977449227,2.43055877,3.328522306,4.075335237
"722","LASA","3","8/19/2021",2021231,"722","imp","A",0,0,2.767,3.380247431,3.977449227,2.43055877,3.328522306,4.075335237
"723","LASA","3","8/19/2021",2021231,"723","imp",NA,NA,NA,NA,3.380247431,3.977449227,2.43055877,3.328522306,4.075335237
"724","LASA","3","8/19/2021",2021231,"724","imp",NA,NA,NA,NA,3.380247431,3.977449227,2.43055877,3.328522306,4.075335237
"725","LASA","3","8/19/2021",2021231,"725","imp","P",4,0.602059991,2.84,3.380247431,3.977449227,2.43055877,3.328522306,4.075335237
"726","LASA","3","8/19/2021",2021231,"726","imp","P",24,1.380211242,2.632,3.380247431,3.977449227,2.43055877,3.328522306,4.075335237
"727","LASA","3","8/19/2021",2021231,"727","imp","A",0,0,2.104,3.380247431,3.977449227,2.43055877,3.328522306,4.075335237
"728","LASA","3","8/19/2021",2021231,"728","imp","A",0,0,2.243,3.380247431,3.977449227,2.43055877,3.328522306,4.075335237
"729","LASA","3","8/19/2021",2021231,"729","imp","P",15,1.176091259,2.711,3.380247431,3.977449227,2.43055877,3.328522306,4.075335237
"730","LASA","3","8/19/2021",2021231,"730","imp","A",0,0,2.563,3.380247431,3.977449227,2.43055877,3.328522306,4.075335237
"731","LASA","3","8/19/2021",2021231,"731","imp","P",23,1.361727836,NA,3.380247431,3.977449227,2.43055877,3.328522306,4.075335237
"732","LASA","3","8/19/2021",2021231,"732","imp","A",0,0,2.365,3.380247431,3.977449227,2.43055877,3.328522306,4.075335237
"733","LASA","3","8/19/2021",2021231,"733","imp","A",0,0,2.776,3.380247431,3.977449227,2.43055877,3.328522306,4.075335237
"734","LASA","3","8/19/2021",2021231,"734","imp","P",74,1.86923172,2.787,3.380247431,3.977449227,2.43055877,3.328522306,4.075335237
"735","LASA","3","8/19/2021",2021231,"735","imp","A",0,0,2.862,3.380247431,3.977449227,2.43055877,3.328522306,4.075335237
"736","LASA","3","8/19/2021",2021231,"736","imp","A",0,0,2.9,3.380247431,3.977449227,2.43055877,3.328522306,4.075335237
"737","LASA","3","8/19/2021",2021231,"737","imp","P",22,1.342422681,2.798,3.380247431,3.977449227,2.43055877,3.328522306,4.075335237
"738","LASA","3","8/19/2021",2021231,"738","imp","A",0,0,2.362,3.380247431,3.977449227,2.43055877,3.328522306,4.075335237
"739","LASA","3","8/19/2021",2021231,"739","imp","P",200,2.301029996,2.802,3.380247431,3.977449227,2.43055877,3.328522306,4.075335237
"740","LASA","3","8/19/2021",2021231,"740","imp","A",0,0,2.52,3.380247431,3.977449227,2.43055877,3.328522306,4.075335237
"741","LASA","3","8/19/2021",2021231,"741","imp","P",1,0,2.244,3.380247431,3.977449227,2.43055877,3.328522306,4.075335237
"742","LASA","3","8/19/2021",2021231,"742","imp",NA,NA,NA,NA,3.380247431,3.977449227,2.43055877,3.328522306,4.075335237
"743","LASA","3","8/19/2021",2021231,"743","imp","P",54,1.73239376,2.944,3.380247431,3.977449227,2.43055877,3.328522306,4.075335237
"744","LASA","3","8/19/2021",2021231,"744","imp","A",0,0,2.674,3.380247431,3.977449227,2.43055877,3.328522306,4.075335237
"745","LASA","3","8/19/2021",2021231,"745","imp","A",0,0,2.567,3.380247431,3.977449227,2.43055877,3.328522306,4.075335237
"746","LASA","3","8/19/2021",2021231,"746","imp","A",0,0,2.404,3.380247431,3.977449227,2.43055877,3.328522306,4.075335237
"747","LASA","3","8/19/2021",2021231,"747","imp","A",0,0,2.563,3.380247431,3.977449227,2.43055877,3.328522306,4.075335237
"748","LASA","3","8/19/2021",2021231,"748","imp","A",0,0,NA,3.380247431,3.977449227,2.43055877,3.328522306,4.075335237
"749","LASA","3","8/19/2021",2021231,"749","imp","P",23,1.361727836,2.376,3.380247431,3.977449227,2.43055877,3.328522306,4.075335237
"750","LASA","3","8/19/2021",2021231,"750","imp","P",71,1.851258349,2.716,3.380247431,3.977449227,2.43055877,3.328522306,4.075335237
"751","LASA","3","8/19/2021",2021231,"751","imp","A",0,0,3,3.380247431,3.977449227,2.43055877,3.328522306,4.075335237
"752","LASA","3","8/19/2021",2021231,"752","imp","A",0,0,2.94,3.380247431,3.977449227,2.43055877,3.328522306,4.075335237
"753","LASA","3","8/19/2021",2021231,"753","imp","A",0,0,2.873,3.380247431,3.977449227,2.43055877,3.328522306,4.075335237
"754","LASA","3","8/19/2021",2021231,"754","imp","A",0,0,2.773,3.380247431,3.977449227,2.43055877,3.328522306,4.075335237
"755","LASA","3","8/19/2021",2021231,"755","imp","A",0,0,2.485,3.380247431,3.977449227,2.43055877,3.328522306,4.075335237
"756","LASA","3","8/19/2021",2021231,"756","vagans","P",87,1.939519253,2.809048,3.380247431,3.977449227,2.43055877,3.328522306,4.075335237
"757","LASA","3","8/19/2021",2021231,"757","imp","P",64,1.806179974,2.77,3.380247431,3.977449227,2.43055877,3.328522306,4.075335237
"758","LASA","3","8/19/2021",2021231,"758","imp","A",0,0,2.634,3.380247431,3.977449227,2.43055877,3.328522306,4.075335237
"759","LASA","3","8/19/2021",2021231,"759","imp","P",4,0.602059991,2.75,3.380247431,3.977449227,2.43055877,3.328522306,4.075335237
"760","LASA","3","8/19/2021",2021231,"760","imp","A",0,0,2.866,3.380247431,3.977449227,2.43055877,3.328522306,4.075335237
